Date,AC,MER,SM
01/04/2010,250,195.977,173.333
01/05/2010,250,201.856,173.333
01/06/2010,250,200.876,170.667
01/07/2010,247.917,203.816,173.333
01/08/2010,247.917,199.896,172
01/11/2010,250,200.876,173.333
01/12/2010,250,197.936,174.667
01/13/2010,252.083,194.017,173.333
01/14/2010,252.083,194.017,173.333
01/15/2010,250,193.037,173.333
01/18/2010,250,189.117,173.333
01/19/2010,250,188.138,172
01/20/2010,250,189.117,170.667
01/21/2010,247.917,188.138,172
01/22/2010,239.583,172.459,173.333
01/25/2010,235.417,165.6,165.333
01/26/2010,239.583,162.661,168
01/27/2010,241.667,161.681,166.667
01/28/2010,245.833,160.701,166.667
01/29/2010,241.667,158.741,169.333
02/01/2010,231.25,148.942,169.333
02/02/2010,227.083,150.902,165.333
02/03/2010,231.25,155.801,165.333
02/04/2010,231.25,164.62,170.667
02/05/2010,218.75,156.781,176
02/08/2010,220.833,159.721,176
02/09/2010,216.667,153.842,176
02/10/2010,222.917,160.701,176
02/11/2010,229.167,166.58,178.667
02/12/2010,231.25,168.54,186.667
02/15/2010,229.167,166.58,188
02/16/2010,231.25,164.62,192
02/17/2010,239.583,166.58,192
02/18/2010,245.833,164.62,197.333
02/19/2010,243.75,158.741,190.667
02/22/2010,245.833,159.721,189.333
02/23/2010,241.667,162.661,193.333
02/24/2010,239.583,166.58,193.333
02/25/2010,245.833,173.439,192
02/26/2010,243.75,176.379,193.333
03/01/2010,245.833,178.339,193.333
03/02/2010,247.917,173.439,194.667
03/03/2010,245.833,173.439,192
03/04/2010,243.75,166.58,193.333
03/05/2010,243.75,174.419,190.667
03/08/2010,250,180.298,193.333
03/09/2010,247.917,178.339,196
03/10/2010,250,179.319,197.333
03/11/2010,252.083,178.339,196
03/12/2010,250,169.52,194.667
03/15/2010,250,171.48,194.667
03/16/2010,247.917,176.379,196
03/17/2010,243.75,174.419,194.667
03/18/2010,245.833,179.319,194.667
03/19/2010,247.917,181.278,194.667
03/22/2010,245.833,174.419,194.667
03/23/2010,247.917,178.339,196
03/24/2010,254.167,177.359,198.667
03/25/2010,264.583,182.258,198.667
03/26/2010,268.75,181.278,196
03/29/2010,268.75,176.379,197.333
03/30/2010,275,178.339,197.333
03/31/2010,277.083,172.459,197.333
04/05/2010,281.25,176.379,197.333
04/06/2010,289.583,179.319,198.667
04/07/2010,295.833,179.319,201.333
04/08/2010,289.583,176.379,206.667
04/12/2010,293.75,175.399,209.333
04/13/2010,289.583,173.439,214.667
04/14/2010,287.5,172.459,213.333
04/15/2010,285.417,171.48,212
04/16/2010,275,170.5,212
04/19/2010,266.667,165.6,212
04/20/2010,256.25,161.681,206.667
04/21/2010,266.667,167.56,205.333
04/22/2010,279.167,165.6,210.667
04/23/2010,289.583,170.5,212
04/26/2010,293.75,172.459,212
04/27/2010,293.75,172.459,212
04/28/2010,285.417,169.52,213.333
04/29/2010,285.417,169.52,210.667
04/30/2010,283.333,172.459,209.333
05/04/2010,283.333,167.56,212
05/05/2010,270.833,163.64,213.333
05/06/2010,268.75,162.661,208
05/07/2010,266.667,164.62,205.333
05/11/2010,270.833,169.52,204
05/12/2010,275,167.56,209.333
05/13/2010,272.917,168.54,206.667
05/14/2010,268.75,163.64,206.667
05/17/2010,264.583,163.64,213.333
05/18/2010,266.667,162.661,212
05/19/2010,266.667,161.681,212
05/20/2010,266.667,160.701,210.667
05/21/2010,262.5,159.721,209.333
05/24/2010,270.833,165.6,206.667
05/25/2010,266.667,164.62,208
05/26/2010,266.667,172.459,198.667
05/27/2010,268.75,166.58,197.333
05/28/2010,279.167,170.5,202.667
05/31/2010,275,175.399,212
06/01/2010,275,175.399,212
06/02/2010,270.833,173.439,208
06/03/2010,279.167,188.138,209.333
06/04/2010,270.833,188.138,214.667
06/07/2010,266.667,181.278,221.333
06/08/2010,266.667,189.117,217.333
06/09/2010,264.583,187.158,216
06/10/2010,262.5,185.198,213.333
06/11/2010,266.667,185.198,210.667
06/15/2010,266.667,185.198,216
06/16/2010,266.667,185.198,218.667
06/17/2010,264.583,182.258,221.333
06/18/2010,272.917,183.238,218.667
06/21/2010,272.917,184.218,218.667
06/22/2010,272.917,182.258,220
06/23/2010,270.833,185.198,220
06/24/2010,268.75,183.238,221.333
06/25/2010,268.75,185.198,218.667
06/28/2010,272.917,184.218,221.333
06/29/2010,275,182.258,222.667
07/01/2010,268.75,179.319,224
07/02/2010,264.583,177.359,221.333
07/05/2010,270.833,177.359,222.667
07/06/2010,268.75,181.278,224
07/07/2010,270.833,181.278,222.667
07/08/2010,270.833,186.178,225.333
07/09/2010,270.833,188.138,229.333
07/12/2010,277.083,187.158,232
07/13/2010,277.083,186.178,232
07/14/2010,283.333,186.178,230.667
07/15/2010,287.5,186.178,233.333
07/16/2010,281.25,184.218,232
07/19/2010,277.083,182.258,230.667
07/20/2010,272.917,180.298,230.667
07/21/2010,272.917,182.258,230.667
07/22/2010,270.833,181.278,237.333
07/23/2010,275,178.339,238.667
07/26/2010,270.833,175.399,238.667
07/27/2010,270.333,184.218,237.44
07/28/2010,270.5,183.434,237.867
07/29/2010,264.167,183.238,237.867
07/30/2010,264.167,181.964,232
08/02/2010,267.167,181.278,232
08/03/2010,270.833,181.278,231.467
08/04/2010,274.667,181.278,232.213
08/05/2010,276.667,182.258,240
08/06/2010,276.667,182.258,242.667
08/09/2010,274.167,182.944,245.333
08/10/2010,276,181.278,247.36
08/11/2010,276.5,178.829,248
08/12/2010,271.5,178.339,248.533
08/13/2010,270.667,177.947,248
08/16/2010,270.833,176.967,245.44
08/17/2010,274.667,176.477,245.653
08/18/2010,278,176.379,249.6
08/19/2010,281.5,176.085,251.733
08/20/2010,285,174.419,253.333
08/23/2010,297.333,174.223,256
08/24/2010,294,167.56,263.467
08/25/2010,291.833,172.459,261.333
08/26/2010,292.5,175.399,258.133
08/27/2010,283.333,172.459,258.347
08/31/2010,287.5,175.399,250.667
09/01/2010,288.667,181.278,252.267
09/02/2010,306.667,181.082,256
09/03/2010,321.667,181.082,258.133
09/06/2010,316.667,179.025,262.933
09/07/2010,318.333,180.788,261.333
09/08/2010,324.167,187.942,261.333
09/09/2010,331.667,186.962,269.333
09/13/2010,344.333,194.017,272
09/14/2010,341.833,194.997,274.667
09/15/2010,341.667,199.896,273.067
09/16/2010,340.667,207.735,277.333
09/17/2010,341.667,195.977,293.333
09/20/2010,338.333,204.992,288
09/21/2010,340.833,210.675,280.8
09/22/2010,340,210.675,280
09/23/2010,339.167,207.735,272
09/24/2010,339,211.655,270.4
09/27/2010,340.833,213.419,282.667
09/28/2010,340.667,215.574,288
09/29/2010,340.833,220.474,288
09/30/2010,340.5,220.474,282.667
10/01/2010,337.5,224.393,304
10/04/2010,340.333,230.077,284.267
10/05/2010,333.333,225.373,291.733
10/06/2010,330.167,223.413,290.667
10/07/2010,328.333,220.082,282.133
10/08/2010,331.667,220.082,285.333
10/11/2010,335.333,217.534,285.867
10/12/2010,337.167,210.675,285.6
10/13/2010,337.167,216.554,280
10/14/2010,340.5,217.534,274.667
10/15/2010,340,212.635,285.333
10/18/2010,341.333,213.614,284.8
10/19/2010,343.333,206.755,285.333
10/20/2010,347.5,201.856,285.333
10/21/2010,352.5,213.419,280
10/22/2010,346.167,220.474,285.333
10/26/2010,346.667,219.298,285.333
10/27/2010,346.667,220.474,285.067
10/28/2010,344.833,212.635,282.667
10/29/2010,335,216.554,283.2
11/02/2010,337.667,216.554,290.667
11/03/2010,341.667,217.338,311.467
11/04/2010,343.333,220.082,313.067
11/05/2010,342.333,219.886,310.933
11/08/2010,331.667,215.574,309.333
11/09/2010,322.833,216.946,309.333
11/10/2010,322.5,210.675,308.267
11/11/2010,319.167,194.017,306.667
11/12/2010,316.667,193.037,292.8
11/15/2010,317.167,195.781,277.333
11/17/2010,308.333,186.276,290.667
11/18/2010,321.833,183.238,290.133
11/19/2010,333.333,187.158,288
11/22/2010,332.5,190.097,288
11/23/2010,329,192.841,279.467
11/24/2010,325,190.097,272
11/25/2010,313.333,183.238,265.6
11/26/2010,316.667,171.48,272
11/30/2010,308.333,175.105,280.267
12/01/2010,300,172.459,258.667
12/02/2010,319,177.359,272
12/03/2010,315.833,178.535,292.8
12/06/2010,323.333,190.097,286.933
12/07/2010,316.667,197.74,292.267
12/08/2010,325,198.916,292.267
12/09/2010,338.333,195.977,293.333
12/10/2010,326.667,189.215,297.6
12/13/2010,333.167,188.236,283.2
12/14/2010,333.333,192.155,279.467
12/15/2010,328.333,191.077,276.8
12/16/2010,326.667,186.962,274.667
12/17/2010,323.167,188.236,271.467
12/20/2010,325.833,191.567,280
12/21/2010,325,195.977,267.2
12/22/2010,329.167,191.567,276.267
12/23/2010,328.667,195.977,277.333
12/28/2010,328.333,201.856,277.333
12/29/2010,329,216.554,281.6
12/30/2010,328.333,223.413,287.2
01/03/2011,329.167,240.071,289.6
01/04/2011,332.5,242.031,291.733
01/05/2011,333.5,237.132,293.333
01/06/2011,336.667,240.659,293.6
01/07/2011,338.333,243.011,293.867
01/10/2011,325,238.504,290.667
01/11/2011,311.667,254.77,281.067
01/12/2011,316.833,284.166,265.6
01/13/2011,319.167,275.935,266.667
01/14/2011,325.833,262.021,274.667
01/17/2011,326.667,274.367,282.667
01/18/2011,324.833,260.649,277.333
01/19/2011,322.667,268.488,265.6
01/20/2011,319.167,260.845,267.733
01/21/2011,303.167,257.709,264
01/24/2011,290,266.528,256
01/25/2011,295,270.448,242.667
01/26/2011,289,266.528,251.2
01/27/2011,297,244.971,252.267
01/28/2011,299.167,226.353,260.8
01/31/2011,283.333,210.675,260.8
02/01/2011,284.167,216.946,250.667
02/02/2011,299.167,225.373,250.667
02/03/2011,293.333,219.494,250.133
02/04/2011,298.333,217.534,248.533
02/07/2011,294.833,224.001,250.667
02/08/2011,288.333,222.433,260.8
02/09/2011,287.5,222.433,251.733
02/10/2011,275,214.594,245.333
02/11/2011,270.333,212.439,235.733
02/14/2011,283.167,216.554,236.693
02/15/2011,280,215.574,241.6
02/16/2011,279.167,222.433,245.333
02/17/2011,281.667,226.353,248.533
02/18/2011,279.167,233.212,254.72
02/21/2011,281.667,227.333,253.547
02/22/2011,284.167,220.474,255.893
02/23/2011,279.333,219.494,253.867
02/24/2011,277.5,216.946,250.667
02/25/2011,274.167,233.212,246.933
02/28/2011,275.833,226.353,245.333
03/01/2011,275,229.293,245.867
03/02/2011,275,225.373,245.867
03/03/2011,276.333,226.353,243.733
03/04/2011,280,225.373,252.8
03/07/2011,281,225.373,260.267
03/08/2011,280.833,225.765,264.533
03/09/2011,288.333,226.549,271.733
03/10/2011,291.833,228.313,268.267
03/11/2011,293.333,225.177,272
03/14/2011,295,225.373,271.467
03/15/2011,295.833,220.474,272.533
03/16/2011,296.167,221.454,274.667
03/17/2011,290.833,217.142,274.933
03/18/2011,292.5,221.454,272.267
03/21/2011,295.167,220.474,272
03/22/2011,299.167,220.474,274.667
03/23/2011,297.833,219.494,275.2
03/24/2011,298.833,225.177,274.667
03/25/2011,301.667,243.599,274.933
03/28/2011,303.333,252.81,277.067
03/29/2011,304.167,241.639,276.8
03/30/2011,315.333,247.91,272
03/31/2011,320.667,252.81,274.933
04/01/2011,330.833,259.669,276.8
04/04/2011,332.5,257.709,280
04/05/2011,328.333,254.77,290.133
04/06/2011,328.333,254.966,284.267
04/07/2011,328.333,254.77,287.467
04/08/2011,328.667,254.574,291.733
04/11/2011,328.667,246.931,293.6
04/12/2011,325.333,241.835,293.333
04/13/2011,326.667,240.071,292.533
04/14/2011,326.667,239.875,294.4
04/15/2011,326.833,239.091,299.733
04/18/2011,327.833,236.152,300.8
04/19/2011,326.667,230.272,300.267
04/20/2011,325.167,234.584,293.867
04/25/2011,328.167,246.931,296.533
04/26/2011,328,247.322,296
04/27/2011,325.667,244.971,296
04/28/2011,325.833,243.599,298.667
04/29/2011,325.833,240.071,298.667
05/02/2011,320,244.971,308.8
05/03/2011,316.167,240.855,309.333
05/04/2011,318.333,236.152,306.667
05/05/2011,316,235.172,301.333
05/06/2011,317.833,231.448,298.667
05/09/2011,318.333,243.599,298.133
05/10/2011,320,242.227,297.067
05/11/2011,320.833,245.951,301.333
05/12/2011,321.667,239.091,301.867
05/13/2011,322.167,237.72,302.4
05/16/2011,320.833,240.267,301.333
05/17/2011,307.667,243.011,301.333
05/18/2011,309.167,242.227,304
05/19/2011,308.667,242.227,304
05/20/2011,308.333,237.132,300.8
05/23/2011,310,236.152,303.467
05/24/2011,306,237.72,301.333
05/25/2011,307.833,244.187,298.133
05/26/2011,312.667,244.971,295.467
05/27/2011,322.333,243.991,298.667
05/30/2011,325.333,245.167,302.4
05/31/2011,321.667,235.368,301.867
06/01/2011,324.333,244.971,289.067
06/02/2011,325,263.393,296
06/03/2011,325,259.473,304
06/06/2011,320.833,258.885,304
06/07/2011,320,259.865,303.733
06/08/2011,323.333,263.589,301.333
06/09/2011,320.833,265.94,301.867
06/10/2011,320,270.84,293.333
06/13/2011,315,272.407,288
06/14/2011,310,270.448,286.933
06/15/2011,319,270.448,285.333
06/16/2011,316.667,267.508,290.133
06/17/2011,311.667,263.589,288
06/21/2011,315.833,261.629,288
06/22/2011,316.667,257.709,286.4
06/23/2011,316.667,258.493,286.933
06/24/2011,319.167,265.352,287.467
06/27/2011,320,269.468,286.933
06/28/2011,319.5,268.488,285.6
06/29/2011,315.167,266.528,280.8
06/30/2011,319,268.684,282.933
07/01/2011,321,271.428,285.067
07/04/2011,329.4,271.036,285.067
07/05/2011,328.4,268.488,293.867
07/06/2011,323,266.724,302.933
07/07/2011,326,264.568,294.933
07/08/2011,326,269.272,286.4
07/11/2011,324,267.312,289.867
07/12/2011,323.4,264.764,291.467
07/13/2011,324,262.609,286.933
07/14/2011,325,264.568,286.933
07/15/2011,326,267.508,286.933
07/18/2011,325.8,266.528,288.533
07/19/2011,324.6,269.272,287.2
07/20/2011,325.8,271.232,286.933
07/21/2011,325,278.287,287.467
07/22/2011,325.4,274.367,287.467
07/25/2011,325.2,272.407,285.333
07/26/2011,323.2,270.448,288
07/27/2011,326,270.448,286.933
07/28/2011,325.8,268.488,285.867
07/29/2011,326,273.387,286.933
08/01/2011,335,274.367,289.6
08/02/2011,335,274.367,291.733
08/03/2011,330,270.644,293.067
08/04/2011,331.2,266.528,288
08/05/2011,324,259.669,284.8
08/08/2011,317,254.77,285.867
08/09/2011,302,240.071,278.133
08/10/2011,308,261.629,266.667
08/11/2011,305.2,261.629,276.8
08/12/2011,308.2,251.83,270.4
08/15/2011,310,249.87,276.8
08/16/2011,310,251.634,281.6
08/17/2011,313,254.77,281.6
08/18/2011,318.8,259.669,282.667
08/19/2011,315,256.925,290.667
08/22/2011,308,244.971,288
08/23/2011,314,252.81,280
08/24/2011,312.6,252.81,281.6
08/25/2011,307,252.81,284.267
08/26/2011,304,246.931,283.733
08/31/2011,304.6,256.729,283.733
09/01/2011,305.6,256.729,288
09/02/2011,311.8,259.669,293.867
09/05/2011,309,259.669,297.6
09/06/2011,306.4,253.79,296
09/07/2011,306,257.709,293.333
09/08/2011,307,257.709,291.2
09/09/2011,305,253.79,298.667
09/12/2011,305,251.438,294.933
09/13/2011,308,252.81,293.333
09/14/2011,303,252.81,294.4
09/15/2011,304.8,254.77,293.067
09/16/2011,303,249.87,298.667
09/19/2011,304.6,256.729,296
09/20/2011,300.8,250.85,297.333
09/21/2011,301,246.931,283.2
09/22/2011,292,233.212,277.333
09/23/2011,280,229.293,276.267
09/26/2011,277.6,211.655,261.333
09/28/2011,280,215.574,240
09/29/2011,279,215.574,274.933
09/30/2011,290,229.293,268.267
10/03/2011,273.2,215.966,278.4
10/04/2011,274,219.494,258.667
10/05/2011,274,218.514,257.6
10/06/2011,278,217.534,256
10/07/2011,288,227.333,261.333
10/10/2011,287,229.293,272
10/11/2011,297,242.031,269.867
10/12/2011,299,243.795,272
10/13/2011,302,236.348,272.267
10/14/2011,292,241.051,278.667
10/17/2011,302,242.031,282.667
10/18/2011,299.8,235.172,292.8
10/19/2011,301,240.659,288.267
10/20/2011,295.6,235.172,292.267
10/21/2011,293.8,235.956,292.533
10/24/2011,294,236.152,292.267
10/25/2011,298.4,240.071,293.6
10/26/2011,296,235.172,293.867
10/27/2011,300,237.132,293.867
10/28/2011,306.4,237.132,294.667
11/02/2011,295,230.272,297.067
11/03/2011,285,229.881,294.4
11/04/2011,289,230.272,294.667
11/08/2011,290,241.051,298.933
11/09/2011,297,244.971,304.533
11/10/2011,289,236.348,304.533
11/11/2011,290,237.328,296.533
11/14/2011,296,236.152,297.067
11/15/2011,294.4,235.564,298.133
11/16/2011,295.2,235.172,297.867
11/17/2011,297,234.192,295.733
11/18/2011,297.4,233.212,292.8
11/21/2011,296.6,230.86,286.933
11/22/2011,296.2,234.192,285.6
11/23/2011,295.2,237.328,286.933
11/24/2011,293,240.071,284.8
11/25/2011,292.8,247.91,280.267
11/28/2011,292.6,240.071,282.667
11/29/2011,291.4,230.272,280
12/01/2011,296,231.056,276.267
12/02/2011,296,237.132,280
12/05/2011,298,237.132,284.8
12/06/2011,296,236.74,284.533
12/07/2011,295.2,239.091,284.267
12/08/2011,295.8,239.091,282.4
12/09/2011,293,233.212,281.867
12/12/2011,292.6,231.252,277.867
12/13/2011,292.2,243.991,277.333
12/14/2011,292.8,238.895,276.8
12/15/2011,297,241.639,274.933
12/16/2011,300.2,238.112,279.733
12/19/2011,300,239.875,283.2
12/20/2011,299,241.051,292
12/21/2011,302.2,240.855,293.333
12/22/2011,303,241.051,298.133
12/23/2011,307,243.011,305.6
12/26/2011,307,242.031,312.267
12/27/2011,307,241.051,309.333
12/28/2011,306,240.071,306.667
12/29/2011,311,242.227,306.667
01/02/2012,311.4,249.87,310.667
01/03/2012,321,251.242,308.8
01/04/2012,333,259.277,308.267
01/05/2012,344,256.925,310.4
01/06/2012,340.8,251.83,304.267
01/09/2012,340,254.77,298.133
01/10/2012,342,252.418,308.8
01/11/2012,343,256.729,304
01/12/2012,343,257.709,317.333
01/13/2012,340.8,257.709,325.6
01/16/2012,340,262.609,320.533
01/17/2012,347,263.98,320
01/18/2012,345,269.468,325.333
01/19/2012,345.2,269.076,328.533
01/20/2012,359.2,266.528,332.8
01/24/2012,355.4,261.629,333.333
01/25/2012,354,262.413,333.333
01/26/2012,352,257.709,330.667
01/27/2012,352,268.488,333.333
01/30/2012,350,263.589,331.733
01/31/2012,351.2,274.171,325.333
02/01/2012,362,265.548,331.2
02/02/2012,387,274.171,333.6
02/03/2012,379,271.428,361.067
02/06/2012,390,272.407,347.2
02/07/2012,386,264.568,349.333
02/08/2012,389,268.488,360.533
02/09/2012,383,265.548,369.067
02/10/2012,386.2,267.508,366.4
02/13/2012,399,266.528,354.667
02/14/2012,390,264.568,346.4
02/15/2012,381,264.568,345.333
02/16/2012,381,260.845,344.267
02/17/2012,398,263.197,344.533
02/20/2012,404,262.609,346.667
02/21/2012,401.8,259.669,345.067
02/22/2012,395,259.669,341.333
02/23/2012,397,263.589,333.867
02/24/2012,394,263.589,331.733
02/27/2012,392,259.669,328
02/28/2012,390.8,250.458,327.733
02/29/2012,401,258.297,326.933
03/01/2012,408,259.669,340
03/02/2012,424,259.669,339.733
03/05/2012,431,261.041,344.8
03/06/2012,425,268.684,342.933
03/07/2012,412,262.609,341.333
03/08/2012,417,266.528,333.333
03/09/2012,414,267.312,338.667
03/12/2012,413.2,267.312,341.333
03/13/2012,413,264.372,341.333
03/14/2012,415,264.176,351.467
03/15/2012,405,254.77,344
03/16/2012,423,255.749,336.533
03/19/2012,423,267.9,338.667
03/20/2012,422.8,266.2,339.733
03/21/2012,414.8,260.4,344
03/22/2012,414,260,338.667
03/23/2012,414,260,337.6
03/26/2012,414,259,341.333
03/27/2012,411.2,261,341.6
03/28/2012,399,260,352
03/29/2012,405,257,354.933
03/30/2012,406.6,262,353.6
04/02/2012,406,261,352
04/03/2012,412,256,362.667
04/04/2012,410,260,341.333
04/10/2012,405.6,262,343.733
04/11/2012,407,260,344
04/12/2012,415,260.2,343.467
04/13/2012,425,262,344.533
04/16/2012,434,259.2,347.2
04/17/2012,429.8,262,352
04/18/2012,424.2,263,357.333
04/19/2012,424.8,262.4,362.667
04/20/2012,416.2,260,362.933
04/23/2012,416.6,262,362.933
04/24/2012,419,258,369.067
04/25/2012,428.2,256,366.933
04/26/2012,428,261.8,363.733
04/27/2012,428,257,371.733
04/30/2012,430,263.8,372.267
05/02/2012,443,262,372.8
05/03/2012,462.6,261,373.333
05/04/2012,454,263,378.667
05/07/2012,448,259.6,372.267
05/08/2012,458.8,259.8,368.533
05/09/2012,451,255,373.333
05/10/2012,450,256,373.333
05/11/2012,457,252,373.333
05/14/2012,445,251,377.6
05/15/2012,427,239,362.667
05/16/2012,409,220.2,355.2
05/17/2012,426.6,230,361.867
05/18/2012,410,223,371.2
05/21/2012,401,230,358.933
05/22/2012,413.2,235,360
05/23/2012,406,225.2,361.333
05/24/2012,411,229,357.067
05/25/2012,411.2,227.8,357.333
05/28/2012,417,224,356.533
05/29/2012,442,228,362.667
05/30/2012,445.4,228,369.6
05/31/2012,442,225,366.667
06/01/2012,455,240,375.467
06/04/2012,428,236.4,369.067
06/05/2012,432,236.6,352
06/06/2012,431.8,237,360
06/07/2012,437,244,363.2
06/08/2012,437,242,365.333
06/11/2012,438.8,246.6,365.333
06/13/2012,441.2,243,373.333
06/14/2012,449.8,240,373.867
06/15/2012,447,238,373.333
06/18/2012,455.8,240,367.733
06/19/2012,462.8,236,371.467
06/20/2012,474,230,374.4
06/21/2012,474,235,378.667
06/22/2012,470,241,370.667
06/25/2012,468,241.8,374.4
06/26/2012,470,242,378.667
06/27/2012,475.6,245.8,378.667
06/28/2012,472.6,251,388.267
06/29/2012,469.2,253.4,385.067
07/02/2012,474.6,257,389.333
07/03/2012,481,263,387.733
07/04/2012,479,262.2,394.667
07/05/2012,481,267,395.467
07/06/2012,480,266,395.733
07/09/2012,473,252,397.333
07/10/2012,458,255,392.8
07/11/2012,478,258,394.667
07/12/2012,457,257,394.667
07/13/2012,455,251.4,387.733
07/16/2012,463.4,258,386.667
07/17/2012,458,256,394.4
07/18/2012,435,261.2,395.2
07/19/2012,430.2,261,386.667
07/20/2012,429.8,265,384
07/23/2012,410.2,258,382.933
07/24/2012,415,260,381.333
07/25/2012,411,261.8,394.667
07/26/2012,412.6,260.4,384
07/27/2012,416,268,385.067
07/30/2012,432.8,273,394.933
07/31/2012,435.2,265.2,400
08/01/2012,425,265,400
08/02/2012,426,265,401.6
08/03/2012,430,265,401.333
08/06/2012,438.6,273,400.533
08/08/2012,432.4,266.2,404.267
08/09/2012,425,260,389.867
08/10/2012,430,264,389.6
08/13/2012,433,263,394.667
08/14/2012,433,259.8,396.267
08/15/2012,425,258,400
08/16/2012,421.2,251.8,400
08/17/2012,425.2,252,391.467
08/22/2012,423.8,245,393.067
08/23/2012,430,257,397.333
08/24/2012,421,252,397.333
08/28/2012,424,246,376
08/29/2012,422.2,250,377.333
08/30/2012,417.6,250,378.133
08/31/2012,411,247.6,376.533
09/03/2012,415,254.2,378.133
09/04/2012,416,248,379.2
09/05/2012,417.6,250.2,383.2
09/06/2012,416,250.2,381.6
09/07/2012,421,252.2,383.467
09/10/2012,414,256.6,384.533
09/11/2012,421,253,384.8
09/12/2012,423,261,384.533
09/13/2012,427,258,385.067
09/14/2012,436.6,259,386.667
09/17/2012,436.8,264.8,392.533
09/18/2012,431,259.6,392
09/19/2012,439,258.2,394.133
09/20/2012,435,257,391.467
09/21/2012,434,261.2,387.733
09/24/2012,435.8,261,388
09/25/2012,435,261,386.133
09/26/2012,430.8,260,390.4
09/27/2012,429,259,389.6
09/28/2012,426.2,255,387.733
10/01/2012,419,257,389.333
10/02/2012,420,264,388.267
10/03/2012,424.8,274,394.667
10/04/2012,440.2,281.8,405.333
10/05/2012,445,277,429.6
10/08/2012,440.4,277,429.333
10/09/2012,436,274,437.067
10/10/2012,430,280.8,434.4
10/11/2012,425.8,277.8,423.2
10/12/2012,425,277,416
10/15/2012,417.2,276.2,410.667
10/16/2012,417.4,285,426.667
10/17/2012,422.6,288,421.067
10/18/2012,426.8,284.4,430.4
10/19/2012,427.8,285,435.733
10/22/2012,428,282,439.467
10/23/2012,433.6,281.4,437.333
10/24/2012,433,280,442.4
10/25/2012,439,278,435.467
10/29/2012,440,276.8,434.933
10/30/2012,442,288,428
10/31/2012,443,279,427.733
11/05/2012,445,278,428.267
11/06/2012,449.6,274.2,428.267
11/07/2012,449.6,268,428.267
11/08/2012,449.6,264,426.133
11/09/2012,448,265.8,426.133
11/12/2012,450,261.2,434.667
11/13/2012,443,260.8,434.667
11/14/2012,444,260,436.267
11/15/2012,445.2,250.6,434.133
11/16/2012,449.8,252.6,434.4
11/19/2012,455,254.2,436.8
11/20/2012,465,256.6,435.733
11/21/2012,487.8,256.8,443.2
11/22/2012,480,253,444.8
11/23/2012,486.6,255.4,442.667
11/26/2012,484,255,445.867
11/27/2012,480,255.2,446.667
11/28/2012,487,264.2,448.8
11/29/2012,481.2,262,449.333
12/03/2012,496,271.6,467.733
12/04/2012,498,266,462.933
12/05/2012,499.2,265.4,458.667
12/06/2012,510,263.2,450.667
12/07/2012,520,262.4,452
12/10/2012,518,261.8,462.933
12/11/2012,527,262.6,459.733
12/12/2012,510,260,479.467
12/13/2012,500,260,466.667
12/14/2012,493,258,458.933
12/17/2012,495,257.4,450.133
12/18/2012,500,256,435.2
12/19/2012,510,263,442.133
12/20/2012,530,262,453.333
12/21/2012,527,262,465.867
12/26/2012,525,260.8,474.4
12/27/2012,511,261.8,480.267
12/28/2012,517,260.6,469.333
01/02/2013,526,263,470.4
01/03/2013,534,269.8,480
01/04/2013,544,270,488
01/07/2013,550,272.4,486.4
01/08/2013,550.5,268,492.267
01/09/2013,550,277,500.8
01/10/2013,547,275.6,505.067
01/11/2013,550,278.6,490.667
01/14/2013,540,279.8,490.667
01/15/2013,530,279.8,495.733
01/16/2013,522,273.2,496
01/17/2013,520.5,279.6,494.933
01/18/2013,529,281.8,501.333
01/21/2013,523.5,279.8,515.733
01/22/2013,522,276,522.667
01/23/2013,530,279.6,514.667
01/24/2013,542,280.4,506.667
01/25/2013,552,284.6,503.733
01/28/2013,550.5,294.2,503.467
01/29/2013,555.5,299,504
01/30/2013,555.5,299.6,502.667
01/31/2013,568,290.2,506.667
02/01/2013,551.5,298.8,507.733
02/04/2013,574,299.8,507.733
02/05/2013,576,299.6,522.667
02/06/2013,566,299,530.667
02/07/2013,562.5,304.6,528
02/08/2013,564.5,303.8,530.133
02/11/2013,562,303,529.867
02/12/2013,561,299.4,533.333
02/13/2013,563.5,300,532.8
02/14/2013,566.5,301.6,534.933
02/15/2013,580,302.6,531.733
02/18/2013,577,305,526.4
02/19/2013,581,313,531.733
02/20/2013,580,310,533.333
02/21/2013,568,309.4,537.067
02/22/2013,571,308,545.6
02/25/2013,590,312.6,542.4
02/26/2013,584,313.8,546.133
02/27/2013,579.5,312,538.667
02/28/2013,579.5,314,538.667
03/01/2013,570.5,315,556.8
03/04/2013,556,315,539.733
03/05/2013,577,322,536
03/06/2013,586,328,541.333
03/07/2013,562,322.2,551.467
03/08/2013,565,324.8,560.533
03/11/2013,563,323,586.667
03/12/2013,555,322.2,585.067
03/13/2013,559,320,588.8
03/14/2013,550,322,585.6
03/15/2013,561,330,573.333
03/18/2013,550,314.8,575.467
03/19/2013,545,315.8,550.933
03/20/2013,550,313.4,538.667
03/21/2013,550,315,545.067
03/22/2013,551,314,546.667
03/25/2013,555.5,312,550.933
03/26/2013,558.5,311.8,554.667
03/27/2013,566,326.6,564.8
04/01/2013,580,319,594.667
04/02/2013,574,319.2,613.333
04/03/2013,585,324,602.667
04/04/2013,581,324,607.467
04/05/2013,583,322,605.867
04/08/2013,580,325,593.067
04/10/2013,591.5,322,595.733
04/11/2013,597,321,593.6
04/12/2013,602,322.2,596.8
04/15/2013,601,334,605.333
04/16/2013,595.5,345,596.8
04/17/2013,600,361,589.333
04/18/2013,600.5,356,595.733
04/19/2013,607,361,592
04/22/2013,640,360.6,600
04/23/2013,615,353,613.333
04/24/2013,625,360,596.267
04/25/2013,634,360,597.333
04/26/2013,640,362,607.467
04/29/2013,641,374.8,608.533
04/30/2013,641,374,606.933
05/02/2013,640,377,610.667
05/03/2013,662,387,613.333
05/06/2013,660,387,625.6
05/07/2013,662,390,619.733
05/08/2013,672,388,613.333
05/09/2013,670,388.8,614.4
05/10/2013,672,395,616
05/14/2013,680,390,618.667
05/15/2013,678,389.6,621.333
05/16/2013,666,385.6,629.867
05/17/2013,668.5,384.8,633.6
05/20/2013,675,385.6,628.8
05/21/2013,677,388,632
05/22/2013,688,394,634.133
05/23/2013,670,395,641.6
05/24/2013,664.5,388,638.933
05/27/2013,651,385,635.733
05/28/2013,660,386,616
05/29/2013,667,387,617.067
05/30/2013,645,387,624
05/31/2013,630,387,596.8
06/03/2013,621.5,385,576
06/04/2013,640,387,559.467
06/05/2013,610,385,542.4
06/06/2013,616.5,380,549.333
06/07/2013,625,379,558.933
06/10/2013,640,369,575.467
06/11/2013,609,345,544
06/13/2013,580,330,506.933
06/14/2013,574,335,528.533
06/17/2013,587.5,332,534.933
06/18/2013,611,340,557.333
06/19/2013,615,337,558.933
06/20/2013,596.5,330,528.533
06/21/2013,602,321,510.133
06/24/2013,571.5,307,497.6
06/25/2013,519,310,485.333
06/26/2013,550,320,516.267
06/27/2013,560,324,541.333
06/28/2013,580,329.8,570.667
07/01/2013,612,330.8,586.667
07/02/2013,600,329,590.4
07/03/2013,599,324,600
07/04/2013,591,319,587.333
07/05/2013,598.5,320,593.333
07/08/2013,573,315.6,567.333
07/09/2013,570,320,558.667
07/10/2013,567,316,573.333
07/11/2013,588,318,583.333
07/12/2013,612,316.8,609
07/15/2013,605,319,626.667
07/16/2013,603,306,613.333
07/17/2013,610,293.2,629.333
07/18/2013,615,302.4,633.333
07/19/2013,623,277.6,633.333
07/22/2013,619,275.6,624.667
07/23/2013,630,285,633.333
07/24/2013,640,285,640
07/25/2013,613,291.8,637.667
07/26/2013,609,290.8,638.667
07/29/2013,605,291.2,634.667
07/30/2013,607.5,292,634.667
07/31/2013,603.5,286.6,633.333
08/01/2013,603.5,287,641
08/02/2013,600,277.6,586
08/05/2013,596,278,587.333
08/06/2013,592,276,572.667
08/07/2013,595,281.4,564
08/08/2013,599,287.2,551
08/12/2013,601,289,547.333
08/13/2013,602,294.4,564.333
08/14/2013,599,295.2,582
08/15/2013,598.5,291.2,537
08/16/2013,599,286.4,530.667
08/22/2013,558,268.8,483.333
08/23/2013,558,269.8,486.667
08/27/2013,518,260,456.667
08/28/2013,500,270.8,422.667
08/29/2013,532,260,440.667
08/30/2013,545,260,446.667
09/02/2013,534,269,470
09/03/2013,536,268,466.667
09/04/2013,530,263,454
09/05/2013,531,268,454.667
09/06/2013,535,265.4,461.333
09/09/2013,540,271.4,466
09/10/2013,552.5,277.4,478.333
09/11/2013,574,278.6,488.667
09/12/2013,563,273.4,506.667
09/13/2013,558,275,495.667
09/16/2013,572,268,536.667
09/17/2013,580,278,530
09/18/2013,586,277.6,523.333
09/19/2013,619,286,553
09/20/2013,616,276,541.333
09/23/2013,610,277,543.333
09/24/2013,613,277,543.333
09/25/2013,615,274,540
09/26/2013,615,276,544
09/27/2013,613,274,544
09/30/2013,604.5,286,520
10/01/2013,595,295,514.667
10/02/2013,602,298.6,534
10/03/2013,614,294,544.667
10/04/2013,606,296.2,538.333
10/07/2013,615,299.2,558
10/08/2013,613.5,300,559.333
10/09/2013,610.5,295,548.333
10/10/2013,616,306.8,557
10/11/2013,627,311,564.667
10/14/2013,621.5,312.2,562
10/16/2013,622,313,560
10/17/2013,623.5,308,565.333
10/18/2013,624,312.8,569.333
10/21/2013,615.5,307.4,568
10/22/2013,612,306.6,563.333
10/23/2013,616.5,310,575.333
10/24/2013,611,308,568.667
10/25/2013,600,311,558.667
10/29/2013,601.5,308,573.333
10/30/2013,601.5,306,570
10/31/2013,603,304,570.667
11/04/2013,599.5,302,560.667
11/05/2013,597,307.2,556.667
11/06/2013,589.5,308.8,542
11/07/2013,578,313.8,530.667
11/08/2013,592.5,298.2,504
11/11/2013,576,289.2,506.667
11/12/2013,561,286.6,512
11/13/2013,569.5,288,511.667
11/14/2013,573,289.8,510
11/15/2013,586.5,291,514
11/18/2013,595,288.8,508.667
11/19/2013,590,283,496
11/20/2013,580,275.8,480.333
11/21/2013,580,269,494.667
11/22/2013,575,263,486
11/25/2013,565,259.2,479.333
11/26/2013,590,262,486.667
11/27/2013,578,272.2,486.667
11/28/2013,589,272.4,498.667
11/29/2013,585,278,503.333
12/02/2013,590,279.4,495.333
12/03/2013,592,270.6,486.667
12/04/2013,582,264.2,484
12/05/2013,584,265.2,478.333
12/06/2013,576,270,479
12/09/2013,576,265,480
12/10/2013,555,256.2,474.667
12/11/2013,555,256.6,473.333
12/12/2013,537.5,253,463.333
12/13/2013,535,251,469.333
12/16/2013,525,256.4,482
12/17/2013,536,260,490.667
12/18/2013,539.5,262,491.333
12/19/2013,533,262,490
12/20/2013,524,252,479.333
12/23/2013,519,251,477.667
12/26/2013,516.5,250.6,475.333
12/27/2013,518,251,474
01/02/2014,525.5,256,477
01/03/2014,520.5,254.2,470.667
01/06/2014,525.5,260,475.333
01/07/2014,524,257,475.667
01/08/2014,530.5,263,475.667
01/09/2014,525,254.6,468
01/10/2014,510,250.2,453.333
01/13/2014,525,251.8,473.333
01/14/2014,524,250.2,472
01/15/2014,530.5,249,466.667
01/16/2014,538,250.8,473
01/17/2014,537.5,252.6,472.667
01/20/2014,540,251.8,474.333
01/21/2014,539,253,468.667
01/22/2014,545,253,474.667
01/23/2014,530,256.4,476
01/24/2014,544,260,481.667
01/27/2014,534,256,469
01/28/2014,520.5,252,467.667
01/29/2014,528,256.2,474
01/30/2014,524,258.8,469.667
02/03/2014,527,251,467.333
02/04/2014,520,248.2,455.333
02/05/2014,520.5,248,460
02/06/2014,521,247,455.333
02/07/2014,525.5,249,461.333
02/10/2014,533,251,463.333
02/11/2014,543,255,467
02/12/2014,542,256,468.667
02/13/2014,538.5,255.4,468
02/14/2014,540,255,468.667
02/17/2014,540,256,469
02/18/2014,555,263,469.333
02/19/2014,582.5,274.8,471.333
02/20/2014,580,274,476
02/21/2014,567.5,273,472
02/24/2014,560,282,471.333
02/25/2014,560,286,466
02/26/2014,556,288,469.333
02/27/2014,562.5,285,466.667
02/28/2014,575.5,278.8,462.667
03/03/2014,569,281,476.333
03/04/2014,562,282,476.667
03/05/2014,574,285.2,481
03/06/2014,575,283.6,481.333
03/07/2014,572,279,480
03/10/2014,572,279,480
03/11/2014,578,283,482.667
03/12/2014,560,281.6,478
03/13/2014,563,283.4,477.333
03/14/2014,564,290,479
03/17/2014,555,286,478
03/18/2014,564,288,479
03/19/2014,562,289.6,477
03/20/2014,559,284,476
03/21/2014,562.5,279,466.667
03/24/2014,566,279,472.667
03/25/2014,558,276.8,466.667
03/26/2014,566,275.6,466.333
03/27/2014,567,273.8,458.667
03/28/2014,565.5,278,463
03/31/2014,578,284,470
04/01/2014,590,287.8,478.333
04/02/2014,613,291.2,481
04/03/2014,610,291,480
04/04/2014,605,292.4,483
04/07/2014,606,289,479
04/08/2014,605.5,285.2,479
04/10/2014,613,284,482
04/11/2014,619,284,479
04/14/2014,616.5,282.8,479
04/15/2014,612,281.4,480
04/16/2014,618,282,484.667
04/21/2014,621,283.8,492
04/22/2014,616,283.8,497.667
04/23/2014,623.5,281.8,495
04/24/2014,623,275,491.667
04/25/2014,625,270.4,489.667
04/28/2014,614,265,482.667
04/29/2014,618.5,273.4,480
04/30/2014,624,280.8,483.333
05/02/2014,621.5,278,485
05/05/2014,625,277.2,500.667
05/06/2014,626,273.2,494.667
05/07/2014,625,272,495
05/08/2014,628,273.6,496
05/09/2014,635,274,510
05/12/2014,639.5,274,510
05/13/2014,645,275.4,520.667
05/14/2014,658.5,275.4,520
05/15/2014,650.5,273,517
05/16/2014,649,268,512.667
05/19/2014,647,265,520.333
05/20/2014,650,265,518.333
05/21/2014,645.5,262.8,500.333
05/22/2014,654,264,511
05/23/2014,651,263.8,510
05/26/2014,642,263.8,510.333
05/27/2014,640,262,509.333
05/28/2014,641,261.4,514
05/29/2014,636,255.4,509
05/30/2014,618,255,524
06/02/2014,627.5,258,519.333
06/03/2014,641,260.2,522.667
06/04/2014,640,261.2,515.333
06/05/2014,640,259.8,518.667
06/06/2014,635.5,259.6,520
06/09/2014,640,259.2,524.333
06/10/2014,640,259,516.667
06/11/2014,637.5,257,521.333
06/13/2014,640,256,529.333
06/16/2014,640,256.4,527.333
06/17/2014,635,254,525.333
06/18/2014,633,254,523.333
06/19/2014,635,253,523.333
06/20/2014,640,252,520.667
06/23/2014,638,253,532.667
06/24/2014,637,254.8,545.333
06/25/2014,644,254,551
06/26/2014,647,257.4,554.667
06/27/2014,648,255,541
06/30/2014,647.5,255.8,544
07/01/2014,645,252,536.333
07/02/2014,654.5,252.4,539.333
07/03/2014,664,254,539.667
07/04/2014,670,255,551
07/07/2014,674.5,255.6,551
07/08/2014,665,258,545.667
07/09/2014,658,258.2,543.333
07/10/2014,664,258.6,541
07/11/2014,664,256.4,532.667
07/14/2014,646.5,256,525.333
07/15/2014,643,254.2,524
07/17/2014,652.5,251.2,521.667
07/18/2014,654,251.6,516
07/21/2014,661.5,254,514
07/22/2014,661,252.4,518
07/23/2014,657,252.4,521.333
07/24/2014,656,251.8,526.667
07/25/2014,652,251.6,527
07/28/2014,647,253.8,531.333
07/30/2014,653,256.2,532
07/31/2014,658,254.4,531.333
08/01/2014,660,261,526.667
08/04/2014,669,261.4,531.333
08/05/2014,668.5,270,533.333
08/06/2014,668,267,527.333
08/07/2014,668,266.4,531.333
08/08/2014,661,263,513.333
08/11/2014,677.5,265.8,518
08/12/2014,679.5,268,517.333
08/13/2014,680,267.4,518.333
08/14/2014,703,270,523.333
08/15/2014,703,268,518.667
08/18/2014,704,272,522
08/19/2014,719,265.6,525
08/20/2014,722.5,260.2,525.667
08/22/2014,725,255,530.667
08/26/2014,719,261,533.333
08/27/2014,719.5,259.6,535
08/28/2014,699.5,258.8,533
08/29/2014,700.5,253.4,514.667
09/01/2014,700.5,254,526.333
09/02/2014,709,257,530.333
09/03/2014,709,259,538.667
09/04/2014,709,258,535.333
09/05/2014,709,264,537
09/08/2014,709.5,260,537
09/09/2014,708.5,255.8,537
09/10/2014,707.5,256,535.667
09/11/2014,706,257.2,538.333
09/12/2014,708,258,537
09/15/2014,710,258,534.333
09/16/2014,711.5,258.2,534
09/17/2014,718,259,538.667
09/18/2014,723,258.8,546.333
09/22/2014,737,259.8,546.667
09/23/2014,728.5,260,537.333
09/24/2014,735,258,539.333
09/25/2014,724,257.4,536.667
09/26/2014,724,256.8,536.333
09/29/2014,723.5,256.8,536
09/30/2014,740,253.8,535.667
10/01/2014,729.5,255,539.333
10/02/2014,722.5,253,539.333
10/03/2014,729.5,255,540.667
10/07/2014,722,256.6,534
10/08/2014,711,258,529.667
10/09/2014,710,264.8,534
10/10/2014,709,263.2,529.333
10/13/2014,687,258.2,508
10/14/2014,687,258,509.333
10/15/2014,689,258,510
10/16/2014,684.5,262.6,502.333
10/17/2014,688,260,501.667
10/20/2014,690,261.4,520
10/21/2014,692,260.6,522.667
10/22/2014,700,262.2,510
10/23/2014,686,261.2,506
10/24/2014,686.5,264,512.667
10/27/2014,685,264,512.667
10/28/2014,673,264.6,514.333
10/29/2014,671.5,261.6,515.667
10/30/2014,680,262,523.333
10/31/2014,690,262,522.333
11/03/2014,696,263,532.667
11/04/2014,693.5,261.8,533
11/05/2014,709.5,262.2,534.667
11/06/2014,705.5,262.2,536.667
11/07/2014,708.5,262,532.667
11/10/2014,707,261,532
11/11/2014,707,262,530
11/12/2014,710,261.8,524
11/13/2014,709,262,518.667
11/14/2014,710,261,518.667
11/17/2014,710,261.8,517.333
11/18/2014,709,261.8,525.667
11/19/2014,717,262,522
11/20/2014,682,261.6,530
11/21/2014,681.5,261.8,533.333
11/24/2014,689,262,534
11/25/2014,685,262,523.333
11/26/2014,694,262,536
11/27/2014,687,261,533.333
11/28/2014,694,261.4,536.333
12/01/2014,689,261.8,547
12/02/2014,690,261.8,545.333
12/03/2014,700,260,546
12/04/2014,686,260.2,543.333
12/05/2014,680,259,539.667
12/09/2014,677.5,256.2,540
12/10/2014,679,257.6,537
12/11/2014,670,254.4,530
12/12/2014,680,255,542
12/15/2014,694,255,544.667
12/16/2014,682,256,534.667
12/17/2014,652,254.4,520.667
12/18/2014,654.5,252,526.667
12/19/2014,674,255,532.333
12/22/2014,684.5,255.4,534
12/23/2014,675,255.8,532.333
12/29/2014,694,256,543.333
01/05/2015,697,256.6,547.333
01/06/2015,701,262.8,548
01/07/2015,701.5,264,553.333
01/08/2015,710,265,560
01/09/2015,715,262,567.333
01/12/2015,710,261.8,566.667
01/13/2015,716,263,567.333
01/14/2015,711,267,577.667
01/19/2015,711,274,572.333
01/20/2015,701,271,571.667
01/21/2015,702,271,575
01/22/2015,694.5,271,573.333
01/23/2015,719,276.8,583.333
01/26/2015,720,270.4,581.333
01/27/2015,722,278.4,581.667
01/28/2015,720,282.6,598.333
01/29/2015,717,274,606.667
01/30/2015,726.5,274.4,619.333
02/02/2015,715,273,606.667
02/03/2015,715,269.4,602.333
02/04/2015,730,274,603.333
02/05/2015,723,270.2,597.333
02/06/2015,730,271.4,601
02/09/2015,728,280,616.667
02/10/2015,719,277,608
02/11/2015,724,270.8,601.333
02/12/2015,727.5,274.8,606
02/13/2015,729.5,278.6,608.667
02/16/2015,730,278,616
02/17/2015,730,276,613.333
02/18/2015,736.5,274.2,611.333
02/20/2015,743,277,613.667
02/23/2015,740,279,612
02/24/2015,741.5,282,612
02/25/2015,738,281.4,611.667
02/26/2015,729.5,280,600
02/27/2015,717,280,586.667
03/02/2015,725,280,598
03/03/2015,724,278.2,600
03/04/2015,735,278.8,602
03/05/2015,728.5,275,608.333
03/06/2015,732,274.4,607.333
03/09/2015,732,275,610
03/10/2015,741,275,609.333
03/11/2015,745,275,605.667
03/12/2015,754,275.2,610
03/13/2015,758,280,613.333
03/16/2015,751,275.4,601.333
03/17/2015,753,276,602.667
03/18/2015,760,268,602.667
03/19/2015,770,269,602.333
03/20/2015,770,271,601.333
03/23/2015,770,270,600
03/24/2015,769,269,599.333
03/25/2015,770,268.2,592
03/26/2015,780,270.2,592.333
03/27/2015,780,269,592.333
03/30/2015,793.5,271,600
03/31/2015,795,267,599.667
04/01/2015,799,264,603.333
04/06/2015,800,266,616
04/07/2015,800.5,265,631.667
04/08/2015,800,263,625.333
04/10/2015,800.5,262,646.667
04/13/2015,800,263.8,632.667
04/14/2015,798.5,263.8,626.667
04/15/2015,791,262.4,617
04/16/2015,795,264,624
04/17/2015,793,265.4,620.667
04/20/2015,780,265,620
04/21/2015,770,264.8,612
04/22/2015,767,265,610
04/23/2015,793,264.4,608.667
04/24/2015,795,265,620
04/27/2015,800,265,624.667
04/28/2015,800,263.8,616.333
04/29/2015,794,261.8,605.333
04/30/2015,780,260.4,600.333
05/04/2015,796,262.6,604.667
05/05/2015,801,263.6,616.667
05/06/2015,812,263,607
05/07/2015,808.5,262.6,606.667
05/08/2015,805,265,604
05/11/2015,804.5,263.8,598.667
05/12/2015,803,262.6,599.333
05/13/2015,800.5,263.2,599
05/14/2015,810,268.8,600
05/15/2015,821,273,606.667
05/18/2015,816.5,275,609.333
05/19/2015,806.5,274,605.667
05/20/2015,819,275,601.333
05/21/2015,817,274,600
05/22/2015,810.5,273.2,600
05/25/2015,806,273,600
05/26/2015,806.5,272.8,599.333
05/27/2015,803,271.8,590
05/28/2015,780,271,581.667
05/29/2015,790,281.2,586.667
06/01/2015,800,282.6,592
06/02/2015,780,280,586.667
06/03/2015,776,279.8,592.667
06/04/2015,766.5,286.8,590
06/05/2015,770.5,284.8,583
06/08/2015,760,284,584
06/09/2015,749,277.8,582.667
06/10/2015,747,279.2,585.333
06/11/2015,767,284,593.333
06/15/2015,772.5,279.8,594
06/16/2015,775,285,593.667
06/17/2015,780,282,587.333
06/18/2015,799.5,282,590.333
06/19/2015,799.5,285,587.333
06/22/2015,792,290,584.667
06/23/2015,793,294,584
06/24/2015,798,292.8,583.333
06/25/2015,790,289,581
06/26/2015,789.5,291,597.333
06/29/2015,779,290,589.333
06/30/2015,790,291.2,596.667
07/01/2015,788,292,600
07/02/2015,779,298,598
07/03/2015,772,296,590.667
07/06/2015,763,291,587.667
07/07/2015,748,292.4,586.667
07/08/2015,746.5,290,580.667
07/09/2015,749,294.2,580
07/10/2015,747,294,574.667
07/13/2015,755,293.4,598
07/14/2015,769,292.8,603.333
07/15/2015,768,295,603.333
07/16/2015,763,295,610
07/20/2015,758,290.6,601.333
07/21/2015,780,294.2,606.667
07/22/2015,781,294.6,606.667
07/23/2015,777,294.8,601.333
07/24/2015,787,294.8,606.667
07/27/2015,775,298,605.333
07/28/2015,771,296.2,593.333
07/29/2015,771,298,584
07/30/2015,767,298.2,585
07/31/2015,780,299,595.333
08/03/2015,795,299.8,601
08/04/2015,785,308,606.667
08/05/2015,794,308,613.333
08/06/2015,789,303.2,610
08/07/2015,769.5,302,600.333
08/10/2015,770,306,600.333
08/11/2015,776,306.4,601.667
08/12/2015,763.5,300,600.667
08/13/2015,755,299,609.667
08/14/2015,759,297.4,619.333
08/17/2015,760,290,600
08/18/2015,770,288.6,600
08/19/2015,771,291.4,598.667
08/20/2015,755,282,598
08/24/2015,704.5,268,560
08/25/2015,717,270,593.333
08/26/2015,709,278.6,572.667
08/27/2015,725,283,580
08/28/2015,738,284,585.333
09/01/2015,755,281,591.333
09/02/2015,760,279.2,587.333
09/03/2015,760,281.6,590
09/04/2015,748.5,279,582
09/07/2015,725,278,574.667
09/08/2015,727.5,277,566.667
09/09/2015,742,276.8,563.333
09/10/2015,730,283,563.333
09/11/2015,728,285.4,561.333
09/14/2015,749.5,286.8,596.333
09/15/2015,749,293,590.333
09/16/2015,761,298.8,594
09/17/2015,770,299.2,600
09/18/2015,782,298.4,586.667
09/21/2015,779,295.6,593.333
09/22/2015,777,295,593.333
09/23/2015,759.5,293,585.667
09/24/2015,740,293,586.667
09/28/2015,744,290,573.333
09/29/2015,745,298,583.333
09/30/2015,767,296.4,593.667
10/01/2015,757.5,296.6,592.333
10/02/2015,756,297.6,580.333
10/05/2015,761,301,586
10/06/2015,767,300.4,586.667
10/07/2015,770,303,586.333
10/08/2015,775,303.2,585.333
10/09/2015,775,301.2,586
10/12/2015,775,303,589.333
10/13/2015,757,304,580
10/14/2015,750,305,573.333
10/15/2015,755,308,586.333
10/16/2015,751.5,309.8,581
10/19/2015,753,310,573.667
10/20/2015,755,311.8,584
10/21/2015,758.5,311.8,583.667
10/22/2015,759,317.8,583.333
10/23/2015,774,320,590
10/26/2015,784,313,597.333
10/27/2015,785,318,595.333
10/28/2015,778,328.8,588.333
10/29/2015,780,324,581
10/30/2015,780,325,583.333
11/02/2015,787,321,583.333
11/03/2015,778,329,586.667
11/04/2015,789.5,328.2,592
11/05/2015,787,325,580
11/06/2015,786.5,326,579.333
11/09/2015,768,329.6,578.333
11/10/2015,767,337,570
11/11/2015,749,343.8,569.667
11/12/2015,729,325,569.667
11/13/2015,759,300,565.667
11/16/2015,749,296,554
11/17/2015,755,296.2,560
11/20/2015,756,297.8,574.667
11/23/2015,765,303.8,580
11/24/2015,762.5,303,580
11/25/2015,750,302.6,586.667
11/26/2015,755,305,586.667
11/27/2015,743,305.8,563.333
12/01/2015,770,306.2,570
12/02/2015,757,312.2,574.667
12/03/2015,744,312.2,572
12/04/2015,736,312.2,566
12/07/2015,734,315.2,571
12/08/2015,730,314,562
12/09/2015,728,315.2,556.667
12/10/2015,725,320.6,560
12/11/2015,725,318,546.667
12/14/2015,735,316.8,542.333
12/15/2015,734.5,316,540
12/16/2015,757,323.6,552
12/17/2015,759,319,566.667
12/18/2015,747.5,317,563.333
12/21/2015,741.5,317,570
12/22/2015,757,315.8,569
12/23/2015,759,312,576.667
12/28/2015,750,322,576.667
12/29/2015,756,320,576
01/04/2016,756,316,561
01/05/2016,742,315.4,566.667
01/06/2016,732,318,560
01/07/2016,709,312,540
01/08/2016,700,310,538.667
01/11/2016,665,301,513
01/12/2016,660,304.8,516.667
01/13/2016,670,308.6,540
01/14/2016,668,310.2,529.333
01/15/2016,670,315,539.333
01/18/2016,644,310,533.333
01/19/2016,649,309,533.333
01/20/2016,616,305,520
01/21/2016,600,301.6,493.333
01/22/2016,613,307,493.333
01/25/2016,659,313.8,521.333
01/26/2016,638,306,502.333
01/27/2016,680,307.2,520.333
01/28/2016,670,309.2,543.333
01/29/2016,679.5,310,551.667
02/01/2016,670,310,553.333
02/02/2016,670.5,305,553.333
02/03/2016,655,305.4,540
02/04/2016,678,306.8,560
02/05/2016,694.5,312.8,564.667
02/09/2016,685,315,550
02/10/2016,685,312.2,542
02/11/2016,691,317.2,536.667
02/12/2016,689.5,317.2,542.333
02/15/2016,692,319.6,545.333
02/16/2016,696.5,322,546.333
02/17/2016,699.5,322,547.333
02/18/2016,695,322,563.333
02/19/2016,693.5,320.2,551.333
02/22/2016,696,320.4,556.667
02/23/2016,699.5,319,551.333
02/24/2016,695,319,558.667
02/26/2016,687,330.2,563.333
02/29/2016,689,325,546.667
03/01/2016,690,332,584.667
03/02/2016,710,331,600.333
03/03/2016,735,328.8,625.333
03/04/2016,734.5,327,606.667
03/07/2016,720,327,601
03/08/2016,725,329,618
03/09/2016,738,327,613.333
03/10/2016,754.5,327,626.667
03/11/2016,757,326.4,617.667
03/14/2016,759.5,329.8,610
03/15/2016,749.5,329,620
03/16/2016,735,325.2,622.667
03/17/2016,740,326.4,638.667
03/18/2016,737,315,660
03/21/2016,747.5,321.2,663
03/22/2016,749.5,318,659.667
03/23/2016,742,320,660
03/28/2016,755,320,646.667
03/29/2016,742,326,639.333
03/30/2016,734.5,325,635.333
03/31/2016,750,323,633
04/01/2016,757,322,640
04/04/2016,750,322.6,645
04/05/2016,743,323,640
04/06/2016,743.5,329,629.667
04/07/2016,756.5,329,639.667
04/08/2016,745.5,327,640
04/11/2016,760,327,640
04/12/2016,778,326.4,640
04/13/2016,774,328.8,642
04/14/2016,780,332,643.333
04/15/2016,782,330,641.333
04/18/2016,780,326.8,640
04/19/2016,779.5,330,639.667
04/20/2016,773.5,336,639.333
04/21/2016,786,340,640
04/22/2016,787,337,637
04/25/2016,785,343,637.333
04/26/2016,778,345,636.333
04/27/2016,776,344.6,633.333
04/28/2016,772,340.2,630.667
04/29/2016,771,343,629.333
05/02/2016,760,339,620
05/03/2016,745,338.6,618.333
05/04/2016,748,338.8,614
05/05/2016,733,338.2,612.333
05/06/2016,735,336.6,608.667
05/10/2016,764,342.8,628.667
05/11/2016,789.5,349,642.667
05/12/2016,786.5,344.4,631.667
05/13/2016,828,340.4,653.333
05/16/2016,832,339.6,666
05/17/2016,835,338,669.333
05/18/2016,840,333,670.667
05/19/2016,806,325.2,656.667
05/20/2016,794,321.6,636.667
05/23/2016,804,322,638
05/24/2016,820,320,652.667
05/25/2016,833,316,652
05/26/2016,830,316,640.667
05/27/2016,831,301.8,644
05/30/2016,830.5,301,633.333
05/31/2016,846.5,303.4,626.667
06/01/2016,845,315,650
06/02/2016,844,311,637
06/03/2016,845,316,649
06/06/2016,855,312,654.667
06/07/2016,855,315,653.333
06/08/2016,855,314.6,648.333
06/09/2016,823,311.4,643.333
06/10/2016,830,309.8,643.667
06/13/2016,825,305,658
06/14/2016,812,307.4,637.333
06/15/2016,820,315,636.667
06/16/2016,831,325,643.333
06/17/2016,839,325,641
06/20/2016,841,322.8,654.667
06/21/2016,850,322.8,664
06/22/2016,870,318,653.333
06/23/2016,847,316.2,660
06/24/2016,850,312.2,643.333
06/27/2016,850,320,646.667
06/28/2016,845,317,646.667
06/29/2016,850,318.8,663.333
06/30/2016,849,310,644.667
07/01/2016,844,315.8,660
07/04/2016,850,315,660
07/05/2016,860,313,660
07/07/2016,844,312.4,656.667
07/08/2016,844,311.4,658
07/11/2016,850,312,666
07/12/2016,870,311,670
07/13/2016,876,309,665.333
07/14/2016,875,309.4,666.667
07/15/2016,884,311,674
07/18/2016,885,308.2,669.333
07/19/2016,890,309,673.333
07/20/2016,894,308.6,678
07/21/2016,899,309,683.333
07/22/2016,890,313,683.333
07/25/2016,890,317,684
07/26/2016,889,321.6,670
07/27/2016,908,325.2,680.667
07/28/2016,890,324.6,683.333
07/29/2016,870,324,689
08/01/2016,886.5,323.8,708.5
08/02/2016,880,323.8,705
08/03/2016,880,324,682.5
08/04/2016,895,324.2,678
08/05/2016,897.5,324.8,678
08/08/2016,898,324.4,680
08/09/2016,897,324,697
08/10/2016,896,324,693.5
08/11/2016,896.5,324.8,693.5
08/12/2016,898,325,685
08/15/2016,904,326,684
08/16/2016,900,325.4,695
08/17/2016,900,326,692
08/18/2016,895,325,695
08/19/2016,896,313,688
08/22/2016,902,313,695
08/23/2016,903,312.6,694
08/24/2016,899.5,313,690.5
08/25/2016,899,312.8,689
08/26/2016,894.5,313,690
08/30/2016,878,312,687
08/31/2016,875,311,680
09/01/2016,868.5,311,675
09/02/2016,865,312,689.5
09/05/2016,860,311.6,689.5
09/06/2016,855,313,678.5
09/07/2016,850,311.8,666
09/08/2016,855,310,668.5
09/09/2016,853,307,668.5
09/13/2016,860,309.6,667.5
09/14/2016,857,311.8,664
09/15/2016,860,311.8,685.5
09/16/2016,854.5,311.8,660
09/19/2016,856,311.8,655
09/20/2016,855,312.6,668
09/21/2016,860,315,656.5
09/22/2016,865,315.2,668.5
09/23/2016,872,314,669
09/26/2016,868,313,661
09/27/2016,854.5,309.8,658.5
09/28/2016,855.5,309.4,663
09/29/2016,862,310,670
09/30/2016,857,310.4,673.5
10/03/2016,878.5,309.8,675
10/04/2016,880.5,308.2,685
10/05/2016,867.5,308,677
10/06/2016,865,309,671.5
10/07/2016,860,308.6,675
10/10/2016,858.5,307.8,669
10/11/2016,858,302,671.5
10/12/2016,849,291,665
10/13/2016,839.5,288,656
10/14/2016,840.5,290.4,662.5
10/17/2016,845,283.2,665
10/18/2016,856,284,692
10/19/2016,869,285,700
10/20/2016,858,290.8,696.5
10/21/2016,858,291.2,697
10/24/2016,849.5,289.8,684.5
10/25/2016,850,288,688
10/26/2016,855,285,682
10/27/2016,852,277,680
10/28/2016,835,276,672
11/02/2016,833,275,671
11/03/2016,828,279,664
11/04/2016,829,281,668
11/07/2016,825,281.6,671
11/08/2016,831,281.4,671
11/09/2016,790,281,656
11/10/2016,800,278,669.5
11/11/2016,750,278.4,655
11/14/2016,740,275.8,653.5
11/15/2016,723,275.6,660
11/16/2016,743,282,665
11/17/2016,771,281,665.5
11/18/2016,780,283.8,665
11/21/2016,770,281.6,662
11/22/2016,731.5,273.2,622.5
11/23/2016,725,268,634.5
11/24/2016,740,268,642
11/25/2016,728,266,640
11/28/2016,736,265,625
11/29/2016,726,265,624
12/01/2016,739,257,630
12/02/2016,739.5,258,650
12/05/2016,710,258,625
12/06/2016,708,256.8,634
12/07/2016,705,257.6,645
12/08/2016,724,260.8,650
12/09/2016,732,263,650
12/12/2016,706,260,645
12/13/2016,690,258,638
12/14/2016,719.5,261.8,650
12/15/2016,732,258,651
12/16/2016,732,257.4,651
12/19/2016,727.5,259.2,637
12/20/2016,715,257,624
12/21/2016,713,259.2,618
12/22/2016,716,259,608
12/23/2016,708,258.8,615
12/27/2016,710,265.4,627
12/28/2016,732,266.6,657
12/29/2016,730.5,265,655
01/03/2017,727,270,650
01/04/2017,760,277,650
01/05/2017,790,279.4,689
01/06/2017,786.5,277.6,690
01/09/2017,784.5,277.8,690
01/10/2017,793,288,690
01/11/2017,796,282.8,680
01/12/2017,793.5,278.8,677
01/13/2017,792,278,681
01/16/2017,786.5,276.8,686.5
01/17/2017,790,272,683
01/18/2017,784.5,278.8,678
01/19/2017,800,284,680
01/20/2017,788,284.4,670
01/23/2017,812,287,706
01/24/2017,834,286.2,710
01/25/2017,814,289,710.5
01/26/2017,811,285,710
01/27/2017,800,285,705
01/30/2017,819.5,286.2,700
01/31/2017,800,284.8,690
02/01/2017,815,285,700
02/02/2017,802,284,695
02/03/2017,795,289.6,692
02/06/2017,800,285.4,697.5
02/07/2017,780,286,682
02/08/2017,787.5,288.6,691
02/09/2017,797,289.2,684
02/10/2017,793,290,671
02/13/2017,809,295.2,679
02/14/2017,800,295,662
02/15/2017,786,290,656
02/16/2017,788,289,675
02/17/2017,781,287.4,671.5
02/20/2017,787,286.6,680
02/21/2017,792,287.2,680
02/22/2017,805,289,680
02/23/2017,817,293,680
02/24/2017,801,290,668
02/27/2017,793,293,666
02/28/2017,788,291.8,663
03/01/2017,784,291,660
03/02/2017,803,292,663.5
03/03/2017,820,293.6,656.5
03/06/2017,823,293.6,670
03/07/2017,819.5,293.8,660
03/08/2017,822,293.8,655
03/09/2017,820,293.4,660
03/10/2017,815,294.4,599
03/13/2017,822,290.2,645.5
03/14/2017,820,290,652.5
03/15/2017,820,291,649.5
03/16/2017,827,290.6,649.5
03/17/2017,830,290,662
03/20/2017,830,291,659
03/21/2017,827.5,289.6,656
03/22/2017,832,282.8,647
03/23/2017,845,276.6,658
03/24/2017,845,277.8,666
03/27/2017,825.5,276.4,659
03/28/2017,841,275.2,680.5
03/29/2017,842,271,694
03/30/2017,842,274.8,696
03/31/2017,845,274,697
04/03/2017,849,276,698.5
04/04/2017,875,274.8,701
04/05/2017,890,272.8,730
04/06/2017,865,277.4,738
04/07/2017,863,278,738
04/10/2017,861.5,278.2,727
04/11/2017,858.5,282.8,723
04/12/2017,857,284,719
04/17/2017,859,283,721
04/18/2017,859,283,718.5
04/19/2017,856.5,282,711
04/20/2017,860,280.2,718.5
04/21/2017,861,281,711
04/24/2017,867,280.6,709.5
04/25/2017,877,282,727
04/26/2017,879,283,731
04/27/2017,866.5,280,728
05/02/2017,867,279,740
05/03/2017,868,279,745
05/04/2017,881,276,755
05/05/2017,878,275,774
05/08/2017,890,274.6,777
05/09/2017,883,272.4,784
05/10/2017,860,270.4,760
05/11/2017,868,271,773
05/12/2017,868.5,275,770
05/15/2017,864,274,773
05/16/2017,866,274.2,772
05/17/2017,869,279,778
05/18/2017,865.5,275,779
05/19/2017,864.5,278.8,775
05/22/2017,872,277.4,779
05/23/2017,870,276.2,788
05/24/2017,870,277,780.5
05/25/2017,867,274,780
05/26/2017,866,270.2,777
05/29/2017,867,272.8,777
05/30/2017,869,274.8,773.5
05/31/2017,868,274,770
06/01/2017,873,274.2,783.5
06/02/2017,892,271,767.5
06/05/2017,894,271,790
06/06/2017,882,271.6,780.5
06/07/2017,870,270.2,809.5
06/08/2017,870,267,794
06/09/2017,869,266,798
06/13/2017,860,267.4,790
06/14/2017,867.5,257.8,792.5
06/15/2017,867,261.8,799.5
06/16/2017,850,262.6,775
06/19/2017,860,263.8,792.5
06/20/2017,858,265,792.5
06/21/2017,841.5,262.8,791
06/22/2017,855,261,785
06/23/2017,840.5,261,783
06/27/2017,842.5,262.8,789
06/28/2017,841.5,262.2,787
06/29/2017,840,259.4,790
06/30/2017,850,260.8,803
07/03/2017,851,263,795
07/04/2017,850,267.4,792
07/05/2017,860,267.2,791.5
07/06/2017,872,267,793
07/07/2017,870,266.6,791
07/10/2017,855,266,790
07/11/2017,867.5,266.8,790
07/12/2017,876,267.6,791
07/13/2017,870,268,791.5
07/14/2017,853,269.8,789.5
07/17/2017,867,274,795.5
07/18/2017,860,274.6,795.5
07/19/2017,868,273.2,797.5
07/20/2017,855,271,791
07/21/2017,880,277,800
07/24/2017,880,279.8,788
07/25/2017,880,281.8,788
07/26/2017,895,283.6,788
07/27/2017,889,282.8,800
07/28/2017,888,280,805
07/31/2017,865,279,807
08/01/2017,865,278,807.5
08/02/2017,860,273.6,797
08/03/2017,863,279.6,801
08/04/2017,879,280,800
08/07/2017,878,280,813.5
08/08/2017,885,275.2,820
08/09/2017,888,276.4,830
08/10/2017,884,277,829
08/11/2017,882,277,829.5
08/14/2017,885,278.8,829.5
08/15/2017,896,278,828
08/16/2017,900,277.4,831
08/17/2017,908,277,830
08/18/2017,900,277.4,828
08/22/2017,900,277,823
08/23/2017,899,277,817
08/24/2017,899,268.4,816.5
08/25/2017,899,270.6,821
08/29/2017,899,269.6,816
08/30/2017,899.5,270.8,820
08/31/2017,920,271,810.5
09/04/2017,926,269.4,824
09/05/2017,920,270,831
09/06/2017,912,269.6,815.5
09/07/2017,915,269.6,818
09/08/2017,913,269.6,818
09/11/2017,918,271.6,829
09/13/2017,925.5,269.4,812
09/14/2017,925,269.6,825
09/15/2017,928.5,276,835
09/18/2017,972,273,868.5
09/19/2017,935,270.6,848
09/20/2017,944,270.6,855
09/21/2017,950,279.8,862
09/22/2017,963,279.8,864
09/25/2017,960,276.8,878
09/26/2017,960,276.4,875
09/27/2017,980,280,875
09/28/2017,974,277,873.5
09/29/2017,970,283,883
10/02/2017,980,285,897
10/03/2017,985,284,902
10/04/2017,998,285.4,907
10/05/2017,997,284,899.5
10/06/2017,1015,285.2,911
10/09/2017,1039,285,918.5
10/10/2017,1050,286,940
10/11/2017,1052,286,928
10/12/2017,1077,292,942
10/13/2017,1071,289.6,952
10/17/2017,1092,285,980
10/18/2017,1070,288,964
10/19/2017,1116,287.8,970
10/20/2017,1070,290.6,979.5
10/23/2017,1017,288,950
10/24/2017,999,287.6,940
10/25/2017,1019,282.4,960
10/26/2017,1018,285.4,947
10/27/2017,1030,290,935
10/30/2017,1031,291.8,955
11/02/2017,1090,292,980
11/03/2017,1061,290.2,967
11/06/2017,1080,295.6,998
11/07/2017,1075,294.6,975
11/08/2017,1075,295.6,972.5
11/09/2017,1070,297,980
11/10/2017,1050,295,980
11/13/2017,1050,305.8,953
11/14/2017,1040,322,975
11/15/2017,1028,319,964
11/16/2017,1000,318.6,941.5
11/17/2017,1013,322,965.5
11/20/2017,1012,322,980
11/21/2017,1019,323,973
11/22/2017,1019,323.8,958
11/23/2017,1020,323,972.5
11/24/2017,1020,319,983.5
11/27/2017,1030,317,970
11/28/2017,1017,313,970
11/29/2017,1020,315,970
12/01/2017,1006,305.4,963
12/04/2017,984.5,305,959
12/05/2017,999,302,960
12/06/2017,1010,308,958.5
12/07/2017,1000,319,978
12/08/2017,1030,323.4,980.5
12/11/2017,1040,318.4,997
12/12/2017,1025,318,990
12/13/2017,1020,322,975
12/14/2017,1015,324.4,997
12/15/2017,1006,325,974.5
12/18/2017,1010,324.2,974.5
12/19/2017,1016,326.6,975
12/20/2017,1018,325,973.5
12/21/2017,1009,325,971.5
12/22/2017,1010,320.8,984.5
12/27/2017,1029,322.8,989.5
12/28/2017,1022,324,980
12/29/2017,1015,328.6,990
01/03/2018,1040,330,1040
01/04/2018,1040,327,1050
01/05/2018,1065,329.2,1020
01/08/2018,1057,328,1025
01/09/2018,1065,328.2,1046
01/10/2018,1060,334,1046
01/11/2018,1050,325,1024
01/12/2018,1065,331,1029
01/15/2018,1085,333.8,1040
01/16/2018,1052,336.8,1049
01/17/2018,1060,330.8,1048
01/18/2018,1035,326.4,1042
01/19/2018,1031,330,1060
01/22/2018,1050,331.8,1070
01/23/2018,1045,336,1095
01/24/2018,1035,333.8,1088
01/25/2018,1034,337.6,1100
01/26/2018,1040,335,1140
01/29/2018,1083,337.8,1123
01/30/2018,1050,337.8,1090
01/31/2018,1050,338.6,1025
02/01/2018,1038,333,1024
02/02/2018,1050,336.2,1030
02/05/2018,1030,327,1005
02/06/2018,1005,318,1000
02/07/2018,1034,327,990
02/08/2018,1042,322,980
02/09/2018,1005,318,985
02/12/2018,1000,318,980
02/13/2018,1020,323,990
02/14/2018,1040,323,993
02/15/2018,1095,322,989
02/19/2018,1089,330,985
02/20/2018,1088,330.6,999
02/21/2018,1080,330,985
02/22/2018,1053,320.2,950
02/23/2018,1060,319.2,960
02/26/2018,1065,320,955
02/27/2018,1069,327,970
02/28/2018,1057,336.6,940
03/01/2018,1051,329,966
03/02/2018,1050,334.4,970
03/05/2018,1041,325,952
03/06/2018,1038,334,949
03/07/2018,1060,333,958
03/08/2018,1038,331,958
03/09/2018,1020,327.2,958
03/12/2018,1032,330,964
03/13/2018,1032,334,963
03/14/2018,1038,334,949.5
03/15/2018,1006,330,912.5
03/16/2018,990,335,937
03/19/2018,1010,329,940.5
03/20/2018,937,326,949
03/21/2018,916,325.4,930.5
03/22/2018,937,330,980
03/23/2018,918,325,949
03/26/2018,950,320,940
03/27/2018,949,328,948
03/28/2018,948,318,917
04/02/2018,923,326,945
04/03/2018,918,324,975
04/04/2018,915,324.2,960
04/05/2018,906,323.4,974
04/06/2018,919,322.6,976
04/10/2018,938.5,323.6,983
04/11/2018,967,328,985
04/12/2018,978,325,988
04/13/2018,956,321.8,940
04/16/2018,946,325,934
04/17/2018,909,324,918
04/18/2018,909,327.6,920
04/19/2018,906,319.8,900
04/20/2018,919,321.6,901
04/23/2018,910.5,323,906
04/24/2018,900,319.4,895
04/25/2018,908.5,307,882.5
04/26/2018,930,295.8,886.5
04/27/2018,960,314.2,910
04/30/2018,966,322,940
05/02/2018,930,329.8,947.5
05/03/2018,905,323.4,900
05/04/2018,916,327,915.5
05/07/2018,929,329,905
05/08/2018,935,326,905
05/09/2018,941,328,920
05/10/2018,937.5,328,905.5
05/11/2018,970,328,918
05/15/2018,985,322.4,937
05/16/2018,990,324.4,923
05/17/2018,940,319.4,905
05/18/2018,929,322,881.5
05/21/2018,940,321,884
05/22/2018,954,328.4,881
05/23/2018,950,328,850
05/24/2018,942,330,863
05/25/2018,935,335,867
05/28/2018,938.5,333.8,882
05/29/2018,940,335.8,859.5
05/30/2018,930.5,327.8,860
05/31/2018,940,322.8,868
06/01/2018,960,334.8,906.5
06/04/2018,968,334,879
06/05/2018,979,337.6,912.5
06/06/2018,969,337.4,905
06/07/2018,980.5,338.4,931
06/08/2018,966.5,338,917.5
06/11/2018,978,339,928
06/13/2018,937,334.2,900
06/14/2018,950.5,345,902.5
06/18/2018,925.5,343,899
06/19/2018,910,342,879
06/20/2018,915,341,875
06/21/2018,901,337,866
06/22/2018,886.5,334.8,868
06/25/2018,876,336.6,845
06/26/2018,886,340.4,837
06/27/2018,910,344.8,875
06/28/2018,905,344.2,851.5
06/29/2018,920,355.6,875
07/02/2018,915,353,900
07/03/2018,915,355,915
07/04/2018,928,358,925
07/05/2018,915,350,890
07/06/2018,898,358,879
07/09/2018,905.5,354,890
07/10/2018,924,354,880
07/11/2018,938,357.8,916.5
07/12/2018,966,355.6,909
07/13/2018,964,356,916
07/16/2018,971.5,358.6,901
07/17/2018,953,357,900
07/18/2018,979,356,910
07/19/2018,950,358,900
07/20/2018,960,357.2,890
07/23/2018,951,358,885
07/24/2018,955.5,370,912
07/25/2018,964,373,933
07/26/2018,980,378.8,969
07/27/2018,990,378,960
07/30/2018,1013,380,965
07/31/2018,999,379.6,950
08/01/2018,1015,395,990
08/02/2018,999,380,979.5
08/03/2018,1020,370,986
08/06/2018,1000,371.2,979
08/07/2018,1008,370,958.5
08/08/2018,1020,375,964
08/09/2018,1010,370,960
08/10/2018,985,368.2,956
08/13/2018,953.5,355.4,933
08/14/2018,937,354.4,926
08/15/2018,941,358,928
08/16/2018,936,351.2,930
08/17/2018,999,363,927.5
08/20/2018,955,350.2,918
08/22/2018,975,363,936.5
08/23/2018,990,370,939
08/24/2018,990,366,948
08/28/2018,991,380,970
08/29/2018,990,371.2,963.5
08/30/2018,990,374,965
08/31/2018,1000,373.4,966
09/03/2018,978,367,970
09/04/2018,985,372,971
09/05/2018,973,371,960
09/06/2018,944,379,959
09/07/2018,917,380,938
09/10/2018,914,379,950
09/11/2018,895.5,380,950
09/12/2018,920,385,942
09/13/2018,900,382,948
09/14/2018,898,368,935
09/17/2018,905.5,369,922
09/18/2018,905,365.6,891
09/19/2018,886,361,890
09/20/2018,885,351,862
09/21/2018,898,365,892
09/24/2018,920,360,890
09/25/2018,919.5,358,866
09/26/2018,940,348,873.5
09/27/2018,950,346,899
09/28/2018,928,340,904
10/01/2018,910,331.8,880
10/02/2018,925,342,875
10/03/2018,940,358.8,875
10/04/2018,919.5,355,875
10/05/2018,935,356,870
10/08/2018,930,341.6,866
10/09/2018,910,343,880
10/10/2018,900,357.2,879
10/11/2018,882,357,850.5
10/12/2018,900,351.8,871.5
10/15/2018,894.5,348,850
10/16/2018,900.5,359,850
10/17/2018,915,359.2,850
10/18/2018,906,352.6,868
10/19/2018,910,346.8,865
10/22/2018,928.5,351.8,878
10/23/2018,917.5,351,888
10/24/2018,910,353,883.5
10/25/2018,890,352,860
10/26/2018,920,360.4,895
10/29/2018,915,360,900
10/30/2018,900,354,884
10/31/2018,920,367.8,900
11/05/2018,935,367.6,910
11/06/2018,940,365.2,920
11/07/2018,920,363,880
11/08/2018,902.5,377.2,884
11/09/2018,902,380.8,888
11/12/2018,900,380,889.5
11/13/2018,895,378.6,878
11/14/2018,900,382,898.5
11/15/2018,898,379.6,880
11/16/2018,905,376.6,890
11/19/2018,945.5,384,928
11/20/2018,935,383.8,940
11/21/2018,921,388.8,920
11/22/2018,935,388,914.5
11/23/2018,939,390,914
11/26/2018,945,388,915
11/27/2018,945,388,915
11/28/2018,948,387.6,915
11/29/2018,951,384.2,908.5
12/03/2018,950,388,948
12/04/2018,970.5,388,980
12/05/2018,960,385.2,960
12/06/2018,934,380,950
12/07/2018,910,376,940
12/10/2018,910,366.2,900
12/11/2018,938,377,920.5
12/12/2018,925,382.4,945
12/13/2018,930.5,375,955
12/14/2018,914,389.8,952.5
12/17/2018,927,386,940
12/18/2018,918.5,389,920
12/19/2018,914,389.4,950
12/20/2018,918,390,930
12/21/2018,914,390,910
12/26/2018,911,389.6,911
12/27/2018,905,394.8,929
12/28/2018,900,380,917.5
01/02/2019,906,384.6,915.5
01/03/2019,925,390,958
01/04/2019,960,394,946
01/07/2019,998,380.8,940
01/08/2019,970,382,938
01/09/2019,1000,390,995
01/10/2019,1000,393.4,985
01/11/2019,972,387,985
01/14/2019,975,398,992
01/15/2019,970.5,396,980
01/16/2019,919,387,960
01/17/2019,923,378,953
01/18/2019,939,369.2,976
01/21/2019,925,362.8,970
01/22/2019,911,371.4,976
01/23/2019,906,375,976
01/24/2019,912.5,380,990
01/25/2019,921.5,372,989
01/28/2019,927,375,970
01/29/2019,923,373.6,971
01/30/2019,918,371,975
01/31/2019,927,365.8,990
02/01/2019,940,370.6,1015
02/04/2019,935.5,364,997
02/06/2019,927,367.2,980
02/07/2019,933,371,1000
02/08/2019,927,367.2,1010
02/11/2019,929,360,1000
02/12/2019,932,360.4,986
02/13/2019,930,360,983
02/14/2019,926,360.2,990
02/15/2019,961,355,970
02/18/2019,945,358,970
02/19/2019,937,359,970
02/20/2019,944,372,980
02/21/2019,950,374,972
02/22/2019,942,375,980
02/26/2019,945,375.6,985
02/27/2019,941.5,379,966
02/28/2019,925,367.6,940
03/01/2019,930,367,940
03/04/2019,937,370.2,940
03/05/2019,935.5,368.2,941.5
03/06/2019,943.5,377.8,969
03/07/2019,948,376,969
03/08/2019,939.5,376,940
03/11/2019,926,370,925
03/12/2019,925,376,946
03/13/2019,920,378.2,931
03/14/2019,925.5,380,925
03/15/2019,920.5,370,934
03/18/2019,930,379.6,949.5
03/19/2019,930,375,951.5
03/20/2019,927,374,950
03/21/2019,931.5,379.4,966
03/22/2019,940,387,970.5
03/25/2019,922.5,378,934
03/26/2019,933,378,945
03/27/2019,930,376,945
03/28/2019,932,378.6,945
03/29/2019,940,380,934
04/01/2019,930,385,925
04/02/2019,930,381.2,941
04/03/2019,926,375.2,945
04/04/2019,905.5,376,945
04/05/2019,922,378.8,944
04/08/2019,911,374,953
04/10/2019,924,385,967
04/11/2019,912,381.4,958
04/12/2019,913,378.4,943
04/15/2019,908,380,922.5
04/16/2019,901,373.6,940
04/17/2019,900,379,930
04/22/2019,882,380,940
04/23/2019,865,382.6,930
04/24/2019,884,382.8,950
04/25/2019,885,385,950
04/26/2019,895,384,931
04/29/2019,900,383,935
04/30/2019,904,385,950
05/02/2019,909,387,970
05/03/2019,900,385.6,960
05/06/2019,898,382.6,940
05/07/2019,900,381.8,949
05/08/2019,901,380,966
05/09/2019,889,373,940
05/10/2019,890,371.2,925
05/14/2019,880,364.2,902
05/15/2019,880,359,890
05/16/2019,838,356,885
05/17/2019,850,360,888
05/20/2019,857,356.2,884.5
05/21/2019,850,374,902
05/22/2019,905,375,916.5
05/23/2019,895,378.8,922.5
05/24/2019,900,378,920.5
05/27/2019,902,367,915
05/28/2019,892.5,372.4,925.5
05/29/2019,899,378.8,935.5
05/30/2019,909,379,929
05/31/2019,919,385,942
06/03/2019,931,389.2,960.5
06/04/2019,919,390.8,957
06/06/2019,927.5,389,965
06/07/2019,923,388.8,963
06/10/2019,927,387.6,971
06/11/2019,917.5,387.6,955
06/13/2019,910,385,960
06/14/2019,900,382.2,940
06/17/2019,899.5,380,945
06/18/2019,900,382,947.5
06/19/2019,900,384,975
06/20/2019,900,383,969.5
06/21/2019,898,380,966
06/24/2019,897,382,964
06/25/2019,897,376.8,960
06/26/2019,896,381,950
06/27/2019,896,387,975
06/28/2019,894,387,969
07/01/2019,902,384.6,981.5
07/02/2019,900,387.8,996
07/03/2019,903,387,994
07/04/2019,901,381,976.5
07/05/2019,910,386,983
07/08/2019,920,383,960
07/09/2019,917,387,950
07/10/2019,910,383,980
07/11/2019,912,385,980
07/12/2019,917,381.4,960
07/15/2019,930,390,1007
07/16/2019,942,380.4,990
07/17/2019,948,378.6,982
07/18/2019,948,379,985
07/19/2019,950,383,990
07/22/2019,970,382,983.5
07/23/2019,970,384,1000
07/24/2019,967,378,990
07/25/2019,980,384.2,1015
07/26/2019,983,375,1010
07/29/2019,963,372,1020
07/30/2019,952.5,367.4,1013
07/31/2019,957.5,365,999.5
08/01/2019,950,373.8,1000
08/02/2019,950,372.6,1000
08/05/2019,930.5,363.6,968
08/06/2019,921,358,960
08/07/2019,931.5,360,990
08/08/2019,930,368,981
08/09/2019,938,360,986
08/13/2019,940,369.8,987
08/14/2019,935,356.4,1004
08/15/2019,934,360.6,1020
08/16/2019,935,353,1027
08/19/2019,953.5,366,1020
08/20/2019,953.5,361,1010
08/22/2019,938,365.8,1000
08/23/2019,955.5,362,1004
08/27/2019,937.5,367.4,988
08/28/2019,947,362,1007
08/29/2019,935,369.8,1020
08/30/2019,925,365,1026
09/02/2019,921,362,1019
09/03/2019,900,363,994
09/04/2019,892,359.8,1032
09/05/2019,905,360,1031
09/06/2019,900.5,358,1048
09/09/2019,907,361,1030
09/10/2019,901,357.2,1015
09/11/2019,904,363.6,1025
09/12/2019,909,360,1014
09/13/2019,908,366.4,1017
09/16/2019,907,374,1015
09/17/2019,905,372,1000
09/18/2019,900,374,1020
09/19/2019,900,371.4,1005
09/20/2019,895,371,1000
09/23/2019,889,368,1010
09/24/2019,900,368,1010
09/25/2019,908,370,1015
09/26/2019,900,369,1007
09/27/2019,893,363,1000
09/30/2019,884.5,370,971
10/01/2019,879.5,369,987
10/02/2019,856,357,983
10/03/2019,848,360,973
10/04/2019,840,367,990
10/07/2019,850,362,975
10/08/2019,865,363,1007
10/09/2019,863,360,987.5
10/10/2019,861,365,1000
10/11/2019,870,365.2,1010
10/14/2019,877.5,365,1010
10/15/2019,878.5,367,995
10/16/2019,878,367,1004
10/17/2019,865,369,1006
10/18/2019,855.5,360.6,1003
10/21/2019,860,365,1005
10/22/2019,870.5,364,1014
10/23/2019,865.5,364,1014
10/24/2019,865,360.4,1030
10/25/2019,849,356.2,1027
10/28/2019,860,355.8,1024
10/29/2019,865,346,1027
10/30/2019,865,346,1027
10/31/2019,860,338.4,1030
11/04/2019,864,347,1025
11/05/2019,877,349,1091
11/06/2019,862,344,1057
11/07/2019,867,346,1070
11/08/2019,848.5,349.8,1070
11/11/2019,856,340.2,1068
11/12/2019,840,347,1068
11/13/2019,824,347,1059
11/14/2019,818,335.4,1070
11/15/2019,830,338,1060
11/18/2019,823.5,335,1068
11/19/2019,827,330.2,1069
11/20/2019,824,323.6,1070
11/21/2019,811,319,1070
11/22/2019,825,330,1066
11/25/2019,820,320,1075
11/26/2019,784.5,319,1091
11/27/2019,802,319,1089
11/28/2019,804.5,315,1070
11/29/2019,806,319,1060
12/02/2019,841,322,1080
12/03/2019,831.5,322.4,1069
12/04/2019,830,321.2,1062
12/05/2019,830,320,1070
12/06/2019,828,326,1078
12/09/2019,813,326,1060
12/10/2019,815,321,1051
12/11/2019,790,323.4,1068
12/12/2019,778,310,1059
12/13/2019,782,318,1069
12/16/2019,752,303,1055
12/17/2019,760,317.8,1050
12/18/2019,758,320,1055
12/19/2019,755,311.4,1035
12/20/2019,779.5,286.2,1065
12/23/2019,779,299.8,1078
12/26/2019,800,305,1056
12/27/2019,785.5,317,1043
