Year,Champion,team_id,champion_flag
1950,Los Angeles Lakers,Los Angeles Lakers-1950,1
1951,Sacramento Kings,Sacramento Kings-1951,1
1952,Los Angeles Lakers,Los Angeles Lakers-1952,1
1953,Los Angeles Lakers,Los Angeles Lakers-1953,1
1954,Los Angeles Lakers,Los Angeles Lakers-1954,1
1955,Philadelphia 76ers,Philadelphia 76ers-1955,1
1956,Golden State Warriors,Golden State Warriors-1956,1
1957,Boston Celtics,Boston Celtics-1957,1
1958,Atlanta Hawks,Atlanta Hawks-1958,1
1959,Boston Celtics,Boston Celtics-1959,1
1960,Boston Celtics,Boston Celtics-1960,1
1961,Boston Celtics,Boston Celtics-1961,1
1962,Boston Celtics,Boston Celtics-1962,1
1963,Boston Celtics,Boston Celtics-1963,1
1964,Boston Celtics,Boston Celtics-1964,1
1965,Boston Celtics,Boston Celtics-1965,1
1966,Boston Celtics,Boston Celtics-1966,1
1967,Philadelphia 76ers,Philadelphia 76ers-1967,1
1968,Boston Celtics,Boston Celtics-1968,1
1969,Boston Celtics,Boston Celtics-1969,1
1970,New York Knicks,New York Knicks-1970,1
1971,Milwaukee Bucks,Milwaukee Bucks-1971,1
1972,Los Angeles Lakers,Los Angeles Lakers-1972,1
1973,New York Knicks,New York Knicks-1973,1
1974,Boston Celtics,Boston Celtics-1974,1
1975,Golden State Warriors,Golden State Warriors-1975,1
1976,Boston Celtics,Boston Celtics-1976,1
1977,Portland Trail Blazers,Portland Trail Blazers-1977,1
1978,Washington Wizards,Washington Wizards-1978,1
1979,Oklahoma City Thunder,Oklahoma City Thunder-1979,1
1980,Los Angeles Lakers,Los Angeles Lakers-1980,1
1981,Boston Celtics,Boston Celtics-1981,1
1982,Los Angeles Lakers,Los Angeles Lakers-1982,1
1983,Philadelphia 76ers,Philadelphia 76ers-1983,1
1984,Boston Celtics,Boston Celtics-1984,1
1985,Los Angeles Lakers,Los Angeles Lakers-1985,1
1986,Boston Celtics,Boston Celtics-1986,1
1987,Los Angeles Lakers,Los Angeles Lakers-1987,1
1988,Los Angeles Lakers,Los Angeles Lakers-1988,1
1989,Detroit Pistons,Detroit Pistons-1989,1
1990,Detroit Pistons,Detroit Pistons-1990,1
1991,Chicago Bulls,Chicago Bulls-1991,1
1992,Chicago Bulls,Chicago Bulls-1992,1
1993,Chicago Bulls,Chicago Bulls-1993,1
1994,Houston Rockets,Houston Rockets-1994,1
1995,Houston Rockets,Houston Rockets-1995,1
1996,Chicago Bulls,Chicago Bulls-1996,1
1997,Chicago Bulls,Chicago Bulls-1997,1
1998,Chicago Bulls,Chicago Bulls-1998,1
1999,San Antonio Spurs,San Antonio Spurs-1999,1
2000,Los Angeles Lakers,Los Angeles Lakers-2000,1
2001,Los Angeles Lakers,Los Angeles Lakers-2001,1
2002,Los Angeles Lakers,Los Angeles Lakers-2002,1
2003,San Antonio Spurs,San Antonio Spurs-2003,1
2004,Detroit Pistons,Detroit Pistons-2004,1
2005,San Antonio Spurs,San Antonio Spurs-2005,1
2006,Miami Heat,Miami Heat-2006,1
2007,San Antonio Spurs,San Antonio Spurs-2007,1
2008,Boston Celtics,Boston Celtics-2008,1
2009,Los Angeles Lakers,Los Angeles Lakers-2009,1
2010,Los Angeles Lakers,Los Angeles Lakers-2010,1
2011,Dallas Mavericks,Dallas Mavericks-2011,1
2012,Miami Heat,Miami Heat-2012,1
2013,Miami Heat,Miami Heat-2013,1
2014,San Antonio Spurs,San Antonio Spurs-2014,1
2015,Golden State Warriors,Golden State Warriors-2015,1
2016,Cleveland Cavaliers,Cleveland Cavaliers-2016,1
2017,Golden State Warriors,Golden State Warriors-2017,1
2018,Golden State Warriors,Golden State Warriors-2018,1
2019,Toronto Raptors,Toronto Raptors-2019,1
2020,Los Angeles Lakers,Los Angeles Lakers-2020,1
2021,Milwaukee Bucks,Milwaukee Bucks-2021,1
