class,text
ham,hope good week checking
ham,nice wait texting right gonna pay ticket ya know
ham,okie
ham,yeah quite bit left swing tomorrow get
ham,number
ham,sun ah thk mayb dun anythin thk book e lesson e pilate orchard mrt u noe hor
ham,hi chikku send nice msg
ham,oh love soooo good hear omg missed much today sorry problem provider thank tming
ham,k k tomorrow onwards started ah
ham,two fundamental cool life walk like king walk like dont care whoever king gud nyt
ham,hmm uncle informed paying school directly pls buy food
ham,yes u texted pshew missing much
ham,think need going late school night especially one class one missed last wednesday probably failed test friday
ham,bad girl still remember
ham,oops lt gt
ham,thanks tescos quite nice gone speak soon
ham,pa selected
ham,got lt gt
ham,sorry de went shop
ham,good afternoon love good see word ym get tm smart move slave smile drink coffee await
ham,ok msg u b leave house
ham,pathaya enketa maraikara pa
ham,hi good mornin thanku wish u
ham,leaving house
ham,ok
ham,sorry call later
ham,amazing quote sometimes life difficult decide whats wrong lie brings smile truth brings tear
ham,mm yes dear look hugging p
ham,coming home class right need work shower
ham,u today
ham,lick every drop ready use mouth well
ham,take care n get well soon
ham,hey whats plan sat
ham,ok wif co like try new thing scared u dun like mah co u said loud
ham,know wait check
ham,u want meet morro
ham,way school pls send ashley number
ham,u still painting ur wall
ham,accidentally brought em home box
ham,lot sickness thing going round take easy hope u feel better soon lol
ham,sure stomach
ham,cool shall go see go tip anyway home got something drop later let go town tonight maybe mum take u
ham,may call later pls
ham,much torch ja
ham,ew one
ham,call see facebook huh
ham,k give back thanks
ham,pick ur fone u dumb
ham,shuhui say change suntec steamboat u noe r u
ham,dear ok
ham,ard like dat lor
ham,per request maangalyam alaipayuthe set callertune caller press copy friend callertune
ham,hello per request lt gt r transfered
ham,thanx birthday already
ham,cant pick phone right pls send message
ham,last thing ever wanted hurt think would laugh embarassed delete tag keep going far knew even fact even felt like would hurt show really know messy wednesday bad problem time clean choose skype take picture sleep want go mind thing make bed throw laundry top friend house embarassed underwear bra strewn bed pillow floor something else used good least making bed
ham,dear free message without recharge hi hi hi
ham,used hope agent drop since booked thing year whole boston nyc experiment
ham,yetunde class run water make ok pls
ham,account number
ham,keep seeing weird shit bein woah realising actually reasonable oh
ham,greatest test courage earth bear defeat without losing heart gn tc
ham,cooked rather nice salmon la
ham,called one pick e phone ask already said ok
ham,babe feel let get try cheer fit soo muchxxlove u locaxx
ham,dad say hurry hell
ham,cheer u tex mecause u werebored yeah okden hunny r uin wk sat sound likeyour havin gr fun j keep updat countinlots loveme xxxxx
ham,ok lor thanx school
ham,think still car
ham,wish
ham,sitting mu waiting everyone get suite take shower
ham,hey booked pilate yoga lesson already haha
ham,see requirement please
ham,pls call da happen
ham,feel like trying kadeem v
ham,justbeen overa week since broke already brain going mush
ham,got lousy sleep kept waking every hour see cat wanted come worry cold
ham,jus reached home go bathe first si using net tell u finish k
ham,check room befor activity
ham,thanks looking really appreciate
ham,slept time
ham,yar lor keep raining non stop u wan go elsewhere
ham,lol would mom would fit tell whole family crazy terrible
ham,know people still town
ham,lost pound since doc visit last week woot woot gonna celebrate stuffing face
ham,send id password
ham,late call tomorrow morning take care sweet dream u ummifying bye
ham,course tease know simply must see grin keep posted prey loving smile devouring kiss
ham,oh ok
ham,zoe hit im fucking shitin il defo try hardest cum morow luv u million lekdog
ham,stop calling everyone saying might cancer throat hurt talk answering everyones call get one call babysitting monday
ham,mmmm cant wait lick
ham,worry sure get
ham,well big surprise
ham,ugh u apologize admit u wrong ask take u back
ham,u noe send file computer
ham,ok thanx
ham,lol real told dad cancer
ham,let know got money carlos make call
ham,reached already
ham,hey want crave miss need love ahmad saeed al hallaq
ham,wonder world th th ur style th ur smile th ur personality rd ur nature nd ur sm st ur lovely friendship good morning dear
ham,ya nice ready thursday
ham,know thing wrong everyso often panicks start goin bout bein good enough
ham,sorry bathroom sup
ham,new year plan
ham,oh thkin goin yogasana den nd go den rush parco nb okie lor u call ready
ham,hi kate evening hope see tomorrow bit bloody babyjontet txt back u xxx
ham,hows favourite person today r u workin hard sleep last nite nearly rang u
ham,right though give space want need really starting become issue going suggest setting definite move still greece maybe ready
ham,actor work work evening sleep late since unemployed moment always sleep late unemployed every day saturday
ham,make life stressfull always find time laugh may add year life surely add life ur year gud ni swt dream
ham,people mu table lambda
ham,time coming later
ham,thank wonderful
ham,living simple loving also simple laughing simple winning tooo simple simple difficult
ham,jane babe goin wrk feel ill lst nite foned already cover chuck
ham,sad puppy noise
ham,also track lighter find
ham,guess worried must know way body repair quite sure worry take slow first test guide ovulation relax nothing said reason worry keep followin
ham,normal
ham,easy mate guess quick drink bit ambitious
ham,true passable get high score apply phd get year salary make life easier
ham,site simulate test give tough question test readiness
ham,omg one thing another cat worm bad day end
ham,rose red red blood blood heart heart u u send ti ur friend including u like u get back u r poor relation u need support u r frnd many luvs u praying god marry u try
ham,somewhere beneath pale moon light someone think u dream come true goodnite amp sweet dream
ham,laptop take
ham,havent still waitin usual come back sch oredi
ham,wot wed nite til
ham,tunji queen wishing great day abiola
ham,jade paul u txt u remember barmed want talk u txt
ham,ok gentleman treat dignity respect
ham,haha friend tyler literally asked could get dubsack
ham,scotland hope showing jjc tendency take care live dream
ham,da whats plan
ham,come sec somebody want see
ham,check got detailed message
ham,u reckon need arrange transport u thanks
ham,absolutely love south park recently started watching office
ham,lol yes friendship hanging thread cause u buy stuff
ham,pain urination thing else
ham,came hostel
ham,really master
ham,hope thing went well doctor reminds still need go u c little thing left lounge
ham,oh ya got hip hop open haha thinking go jazz zoom cine actually tonight free leh kb lesson tonight
ham,plan family set stone
ham,oh k placement ah
ham,happens r waxsto wat want come ill get medical insurance able deliver basic care currently shopping right medical insurance give til friday morning thats see major person guide right insurance
ham,unless situation go gurl would appropriate
ham,ducking chinchilla
ham,u got person story
ham,love wine dine lady
ham,sorry sir call tomorrow senthil hsbc
ham,dude go sup
ham,r going today meeting
ham,u call alter ok
ham,gonna go get taco
ham,lemme know
ham,dont worry guess busy
ham,still coming tonight
ham,let know change next hr even appendix age range however impossible chill let know hr
ham,find way include detail
ham,umma say anything
ham,thanx time spent geva bin mint ur baby want u xxxx
ham,normally hot mail com see
ham,watching surya movie pm vijay movie pokkiri
ham,got thing may pub later
ham,buy pizza meat lover supreme u get pick
ham,pas dis ur contact n see wat u get red luv wid u blue u put smile face purple u r realy hot pink u r swt orange thnk lyk u green realy wana go wid u yelow wnt u bck black jealous u brown miss nw plz giv one color
ham,hospital da return home evening
ham,sorry able get see morning
ham,hey morning come ask pa
ham,india take lead
ham,nan sonathaya soladha bos
ham,time coming
ham,gram usually run like lt gt half eighth smarter though get almost whole second gram lt gt
ham,u know stubborn even want go hospital kept telling mark weak sucker hospital weak sucker
ham,wiskey brandy rum gin beer vodka scotch shampain wine kudi yarasu dhina vaazhthukkal
ham,need ke qi bored izzit suddenly thk
ham,nah man car meant crammed full people
ham,hey free call
ham,sorry trouble u buy dad big small sat n sun thanx
ham,finally ready fyi
ham,way transport le problematic sat night way u want ask n join bday feel free need know definite no booking fri
ham,glad see reply
ham,oooh got plenty
ham,rushing working school rush go hungry
ham,yup izzit still raining heavily co e mrt c outside
ham,nope b going sch fri quite early lor co mys si got paper da morn
ham,yo watching movie netflix
ham,entered cabin pa said happy b day bos felt special askd lunch lunch invited apartment went
ham,friendship poem dear dear u r near hear dont get fear live cheer tear u r always dear gud ni
ham,wondar full flim
ham,dude teresa hope okay didnt hear people called received package since dec lt gt thot ld like know fantastic year best reading plus really really bam first aid usmle work done
ham,guy close
ham,tell rob mack gf theater
ham,hey bored thinking u wat r u
ham,tell shola please go college medicine visit academic department tell academic secretary current situation ask transfer ask someone check sagamu thing lautech vital completes medical education nigeria le expensive much le expensive unless getting citizen rate new zealand
ham,hi yijue meet u tmr
ham,staying town
ham,done
ham,fuck babe miss already know let send money towards net need want crave
ham,wylie tampa sarasota
ham,sorry call later
ham,gudnite tc practice going
ham,curious cuz asked
ham,happened adventuring
ham,wonderful okors great month cherish guy wish well day mojibiola
ham,yo game almost want go walmart soon
ham,really good dhanush rock
ham,gud mrng dear hav nice day
ham,nope still market
ham,spoil bed well
ham,take care financial problem help
ham,e person e sm survey
ham,cant keep talking people sure pay agree price pls tell want really buy much willing pay
ham,dunno lei decide lor abt leona oops tot ben going n msg
ham,yet chikku k wat abt tht guy stopped irritating msging u
ham,prepare pleasured
ham,awesome lemme know whenever around
ham,k pick another th done
ham,u coming funeral home
ham,work going min
ham,place get room cheap
ham,way put skip right outside front house see house pull
ham,saturday sunday holiday difficult
ham,aight thanks comin
ham,training manual show tech process password reset troubleshooting
ham,leaving house
ham,tell reached
ham,ok lor
ham,jus finished avatar nigro
ham,necessarily expect done get back though headin
ham,gonna able late notice home week anyway plan
ham,way ur home
ham,yeah right bring tape measure fri
ham,wanted wish happy new year wanted talk legal advice gary split person make trip ptbo hope everything good babe love ya
ham,hey babe sorry get sooner gary come fix cause think know go far ptbo say cost lt gt buck know might cheaper find someone second hand machine right let know want babe
ham,yeah usual guy town definitely people around know
ham,dear got bus directly calicut
ham,miss ya need ya want ya love ya
ham,use foreign stamp whatever send
ham,also piece
ham,much better thanks lol
ham,hey thk juz go accordin wat discussed yest lor except kb sun co nt much lesson go attend kb sat
ham,sent part
ham,take mokka player
ham,well must pain catch
ham,please protect e threat sib never asks sensitive information like password atm sm pin thru email never share password anybody
ham,aww must nearly dead well jez iscoming todo workand whilltake forever
ham,march ending ready call sure problem capital never complete far work lady
ham,coffee cake guess
ham,aight rush ask jay
ham,hey told name gautham ah
ham,ok happen behave like
ham,b late love mum
ham,yeah pretty much best case scenario
ham,well slightly disastrous class pm fav darling hope day ok coffee wld good stay late tomorrow time place always
ham,pub
ham,call message missed call
ham,putting ready lt time gt
ham,literally bed like lt gt hour
ham,life face choice toss coin becoz settle question coin air u know heart hoping gudni
ham,thanks yesterday sir wonderful hope enjoyed burial mojibiola
ham,dunno lei thk mum lazy go neva ask yet
ham,road cant txt
ham,yo there class tmrw right
ham,issue right ill fix tomorrow
ham,ok msg u b leave house
ham,home way
ham,k eng rocking ash
ham,good trip watch remember get back must decide easter
ham,sorry call later
ham,dont knw pa drink milk
ham,hen night going swing
ham,enjoying semester take care brother
ham,hey pple night excellent location wif breakfast hamper
ham,buzz hey love think hope day go well sleep miss babe long moment together loving smile
ham,come back tampa ffffuuuuuuu
ham,lunch come quickly open door
ham,hi jon pete ive bin spain recently hav sum dinero left bill said u ur rent mayb interested hav pe around tb james
ham,da vijay going talk jaya tv
ham,wnt buy bmw car urgently vry urgent hv shortage lt gt lac source arng dis amt lt gt lac thats prob
ham,anything lor
ham,short cute good person dont try prove gud noon
ham,tell bad character u dnt lik try change lt gt add tat new year resolution waiting ur reply frank good morning
ham,leave wif lar wan carry meh heavy da num familiar
ham,might want pull case plan spending much confidence derek taylor money management
ham,yup ok thanx
ham,check room befor activity
ham,yes princess want please every night wish command
ham,ebay might le elsewhere
ham,fyi usf swing room whenever
ham,ya srsly better yi tho
ham,well still bit left guy want tonight
ham,ex wife able kid want kid one day
ham,idea guess work hour supposed leave since usual nobody interest figuring shit last second
ham,sweet may may go u meet carlos gauge patty interest
ham,wat da decision
ham,well leave class babe never came back hope nice sleep love
ham,turning phone mom telling everyone cancer sister stop calling hurt talk put see u u get home love u
ham,make fuck sake x
ham,dun need pick ur gf
ham,oh fuck sake like tallahassee
ham,get hep b immunisation nigeria
ham,good afternoon glorious anniversary day sweet j hope find happy content prey think send teasing kiss across sea coaxing image fond souveniers cougar pen
ham,tonight yeah
ham,aslamalaikkum insha allah tohar beeen muht albi mufti mahfuuz meaning
ham,u got person story
ham,say hi drugdealer
ham,cant pick phone right pls send message
ham,solve case man found murdered lt decimal gt lt gt afternoon wife called police police questioned everyone wife sir sleeping murder took place cook cooking gardener picking vegetable house maid went post office child went play neighbour went marriage police arrested murderer immediately reply reason u r brilliant
ham,yeah like go like friend imma flip shit like half hour
ham,many people seems special first sight remain special till last sight maintain till life end take cr da
ham,hate turn fun shopping trip annoying day everything would look house
ham,class hour sorry
ham,goodnight da thangam really miss u dear
ham,haha dinner cousin
ham,anything specific regard jaklin idk fuck
ham,watching cartoon listening music amp eve go temple amp church u
ham,ok lor ned go toa payoh return smth u wan send wat
ham,good day pray remove teeth painful maintaining stuff
ham,sorry call later
ham,yo im right yo work
ham,left dessert u wan go suntec look u
ham,get class bsn like lt gt minute know advising
ham,shit really shocking scary cant imagine second def night u think somewhere could crash night save taxi
ham,good hear
ham,somewhere beneath pale moon light someone think u dream come true goodnite amp sweet dream
ham,ok noe u busy really bored msg u oso dunno wat colour choose one
ham,lol u trust
ham,give time walk
ham,write wat
ham,got hella gas money want go grand nature adventure galileo little bit
ham,yup msg tat yijue tot group mate co meeting today mah askin leaving earlier wat mah co mayb haf walk v far
ham,today sorry day ever angry ever misbehaved hurt plz plz slap urself bcoz ur fault basically good
ham,gonna ring weekend wot
ham,best watch say cause get drunk motherfucker
ham,yo dude guess got arrested day
ham,sir waiting call free please call
ham,shall send exe mail id
ham,please give u connection today lt decimal gt refund bill
ham,japanese proverb one u none u must indian version one let none leave finally kerala version one stop none make strike
ham,today sorry day ever angry ever misbehaved hurt plz plz slap urself bcoz ur fault basically good
ham,hand phone chat wit u
ham,hi darlin hope nice night wish come cant wait see love fran p want dirty anal sex want man gang bang
ham,aft finish lunch go str lor ard smth lor u finish ur lunch already
ham,ball moving lot spin last difficult bat
ham,k wait chikku il send aftr lt gt min
ham,ok bus come soon come otherwise tomorrow
ham,v romantic
ham,please come imin town dontmatter urgoin outl r reallyneed docd please dontplease dontignore mycalls u thecd isv important tome moro
ham,edison rightly said fool ask question wise man answer know u speechless viva gm gn ge gnt
ham,u repeat e instruction wat e road name ur house
ham,sorry call later meeting
ham,gonna say sorry would normal starting panic time sorry seeing tuesday
ham,ron say fri leh n said ding tai feng cant make reservation said wait lor
ham,keep payasam rinu brings
ham,awesome minute
ham,u gonna get deus ex
ham,message phone holding
ham,takin shower yeah leave done
ham,wonder get text
ham,k give sec breaking lt gt cstore
ham,aight plan come later tonight
ham,seeing missed call dear brother gr day
ham,urgh coach hot smell chip fat thanks especially duvet predictive text word
ham,importantly discus u
ham,ffffffffff alright way meet sooner
ham,look amy ure beautiful intelligent woman like u lot know u like like worry
ham,yo sorry shower sup
ham,sent lt gt buck
ham,one joy lifeis waking daywith thought somewheresomeone care enough tosend warm morning greeting
ham,nite
ham,appt lt time gt fault u listen told u twice
ham,yes princess going make moan
ham,pls dont play others life
ham,oops sorry check mind picking tomo half eight station would ok
ham,jordan got voted last nite
ham,dip cell dead coming u better respond else shall come back
ham,well babe swollen gland throat end
ham,going good problem still need little experience understand american customer voice
ham,say good sign well know track record reading woman
ham,wen ur lovable bcums angry wid u dnt take seriously coz angry childish n true way showing deep affection care n luv kettoda manda nice day da
ham,directly behind abt row behind
ham,aight set free think could text blake address occurs quite sure thought
ham,yes tv always available work place
ham,late said website dont slipper
ham,give one miss number please
ham,said would woke
ham,called hoping l r malaria know miss guy miss ban big pls give love especially great day
ham,haha yup hopefully lose kg mon hip hop go orchard weigh
ham,use foreign stamp country
ham,think go honesty road call bank tomorrow tough decision make u great people
ham,well meant opposed drunken night
ham,get tomorrow send
ham,hi dear saw dear happy battery low
ham,howz person story
ham,cbe chennai
ham,much ur hdd casing cost
ham,parent kidz friend n colleague screaming surprise waiting sofa naked
ham,hey angry reply dr
ham,well right gonna get check today steam sale pee text want come get
ham,thats cool liked photo sexy
ham,yet chikku going room nw bus
ham,hello going village pub either come accordingly ok
ham,wan early lei outside wun b home early neva mind
ham,ok wahala remember friend need
ham,geeee miss already know think fuck wait till next year together loving kiss
ham,beauty life next second hide thousand secret wish every second wonderful ur life gud n
ham,maybe fat finger press button know
ham,oh god happy see message day
ham,th july
ham,okies go yan jiu skip ard oso go cine den go mrt one blah blah blah
ham,hello hello hi lou sorry took long reply left mobile friend lancaster got bak neway im sorry make ur b day hun
ham,cant u try new invention fly joking
ham,k happen tonight
ham,ah see lingo let know wot earth finished making
ham,yeah imagine would really gentle unlike doc treat patient like turkey
ham,ok
ham,hey gal anyone u going e driving centre tmr
ham,come room point iron plan weekend
ham,sir goodmorning free call
ham,back amp packing car let know room
ham,si como listened plaid album quite gd new air hilarious also bought braindance comp ofstuff aphex abel u hav hear c u sn xxxx
ham,way home long dry spell season would
ham,r stayin extra week back next wed rugby weekend hi c u soon
ham,like shaking booty dance floor
ham,still checked da
ham,ok
ham,ya taking ure practical lesson start june
ham,hey chief give bell get need talk royal visit st june
ham,word checkmate chess come persian phrase shah maat mean king dead goodmorning good day
ham,still work going small house
ham,mean february april getting place stay hustle back forth audition season since sister moved away harlem
ham,ok lor
ham,tomorrow onwards eve work
ham,know watching film computer
ham,get step outta way congrats
ham,meet corporation st outside gap see mind working
ham,going wipro interview today
ham,done c
ham,goodo yes must speak friday egg potato ratio tortilla needed
ham,yes nigh cant aha
ham,hamster dead hey tmr meet pm orchard mrt
ham,ah well confuses thing
ham,si catching e show e afternoon watching w c u wan watch today tmr lor
ham,av new number wil u use one ta
ham,hello hun ru way im good date guy met walkabout far meet soon hows everyone else
ham,yes one woman man please tell like dislike bed
ham,aight sorry take ten year shower plan
ham,u dun drive go sch
ham,call tell infront call
ham,seriously spell name
ham,thk gotta go home urself co b going shopping frens present
ham,tell quite long co finish film yet
ham,idea
ham,let want house
ham,good good billy mate gone jogging enjoy concert
ham,well great weekend
ham,go write msg put dictionary mode cover screen hand press lt gt gently remove ur hand interesting
ham,slaaaaave must summon time wish come anymore
ham,miss call miss call khelate kintu opponenter miss call dhorte lage thats rule one great phone receiving quality win
ham,still customer place
ham,babe miiiiiiissssssssss need crave geeee sad without babe love
ham,come people
ham,think fixed send test message
ham,babe got enough money pick bread milk give back get home
ham,case guess see campus lodge
ham,eat jap done oso aft ur lect wat got lect rite
ham,cthen thk shd b enuff still got conclusion n content pg n reference b da content pg n cover pg
ham,lmao take pic send
ham,thats cool gentleman treat dignity respect
ham,hai dear friend new amp present number rajitha raj ranju
ham,dance river
ham,shower baby
ham,u workin overtime nigpun
ham,ok u take shopping u get paid
ham,got mail panren paru
ham,probably tomorrow even later tonight something going
ham,take care sleep well need learn change life need get convinced wait conversation u get convinced time family many sens respect overemphasise u role life
ham,princess like make love lt gt time per night hope thats problem
ham,first answer question
ham,dear angry busy dear
ham,wat da model num ur phone
ham,mm kanji dont eat anything heavy ok
ham,ill little closer like bus stop street
ham,tell friend plan valentine day lt url gt
ham,sorry grocer
ham,havent got da topic yet rite
ham,nt driving even many reason called bbd thts chikku hw abt dvg cold heard tht vinobanagar violence hw condition hw ru problem
ham,wen u miss someone person definitely special u person special miss keep touch gdeve
ham,turn friend staying whole show back til lt gt feel free go ahead smoke lt gt worth
ham,hello u u u b moving flat co need arrange pick lamp etc take care hello caroline
ham,hey pay salary de lt gt
ham,cant pick phone right pls send message
ham,hey whats u sleeping morning
ham,lt gt mca conform
ham,please give pick tuesday evening ok
ham,hmm yeah grooved im looking forward pound special
ham,yes finished watching day life love
ham,dad went oredi
ham,u dogbreath sounding like jan c al
ham,day working day except saturday sunday
ham,machan go gym tomorrow wil come late goodnight
ham,god picked flower dippeditinadew lovingly touched itwhichturnedinto u gifted tomeandsaid friend u
ham,age abj
ham,goodnight sleep well da please take care pa please
ham,yes gauti sehwag odi series
ham,ok leave need ask
ham,reach office around lt decimal gt amp mobile problem cann get voice call asa free
ham,training tomorrow
ham,love as enjoy doggy style
ham,could work reach consensus next meeting
ham,ill lt gt ok
ham,k sent
ham,glad following dream
ham,apparently bffs carly quick
ham,bday real april
ham,well welp sort semiobscure internet thing
ham,trip ok quite tiring lor uni start today ok co taking module jus concentrating final yr project
ham,youdoing later sar xxx
ham,hit move
ham,sure driving reach destination soon
ham,oh ok wait lect havent finish
ham,chinatown got porridge claypot rice yam cake fishhead beehoon either eat cheap den go cafe n tok go nydc somethin
ham,u calling right call hand phone
ham,born god said oh another idiot born god said oh competition knew one day two become freinds forever
ham,lol oh babe wont sliding place midnight thanks invite
ham,much buzy
ham,getting back time soon
ham,win really side long time
ham,hello boytoy geeee miss already woke wish bed cuddling love
ham,noe da car later c lar wearing short
ham,im late tellmiss im way
ham,k k going tirunelvali week see uncle already spend amount taking dress want money give feb
ham,told number gautham
ham,ya telling abt tht incident
ham,hear
ham,lul im gettin juicy gossip hospital two nurse talking fat gettin one think shes obese oyea
ham,one interested may business plan
ham,dear call
ham,ahhhh woken bad dream u tho dont like u right didnt know anything comedy night guess im
ham,aiyah sorry lor watch tv watch forgot check phone
ham,mean left early check co working
ham,anything lor toa payoh got place walk meh
ham,tmr brin lar aiya later come n c lar mayb neva set properly got da help sheet wif
ham,looking
ham,purchase stuff today mail po box number
ham,house maid murderer coz man murdered lt gt th january public holiday govt instituitions closed including post office understand
ham,lmao nice
ham,id check like bowl worth left
ham,ha say read anything way u seemed like judgemental save friday pub
ham,kind took garage centre part exhaust need replacing part ordered n taking fixed tomo morning
ham,love want flood pretty pussy cum
ham,put party day week study lightly think need draw custom checkboxes know hardcore
ham,u really pig leh sleep much dad wake smth eat lunch today
ham,wishing wonderful week
ham,ok ok ok whats ur today plan
ham,toshiba portege gd
ham,okie
ham,lady first genus second k
ham,babe lost
ham,hcl chennai requires fresher voice process excellent english needed salary upto lt gt call m suman lt gt telephonic interview via indyarocks com
ham,think thanks see tomo
ham,think u got think use got good ni
ham,hope pee burn tonite
ham,mmm fuck merry christmas
ham,den wat e schedule b lk sun
ham,ok asked money far
ham,let go bill miller
ham,hurry weed deficient like three day
ham,wait msg lt gt min
ham,oh k watching
ham,want leave barely stay sane fighting constantly helping
ham,finally came fix ceiling
ham,rounder required
ham,jus chillaxin
ham,hi always online yahoo would like chat someday
ham,hi darlin work u get trouble ijust talked mum morning really good time last night im goin soon call u
ham,long beach lor expected u dinner
ham,stop knowing well
ham,hmm dunno leh mayb bag goigng dat small jus anything except perfume smth dat keep
ham,say slowly god love amp need clean heart blood send ten special people amp u c miracle tomorrow pls pls
ham,tell happen dont behave like ok need say
ham,say quitting least time day wudn take much notice nah mind gonna see want come taunton tonight u tell
ham,thnx dude u guy nite
ham,mm entirely sure understood text hey ho weekend
ham,send text skype later
ham,opinion jada kusruthi lovable silent spl character matured stylish simple pls reply
ham,ugh got outta class
ham,yup havent want go yoga call book
ham,package program well
ham,good thing getting connection bw
ham,em olowoyey usc edu great time argentina sad secretary everything blessing
ham,mmmmm sooooo good wake word morning love mmmm fuck love lion devouring kiss across sea
ham,fine sends greeting
ham,nice nice working
ham,didnt work oh ok goodnight fix ready time wake dearly missed good night sleep
ham,said problem let know
ham,hmmm give one day
ham,come din c yup cut hair
ham,mm umma ask vava also come tell play later together
ham,ok tell half hr b u come need prepare
ham,im fine babe aint much tho saw scary movie yest quite funny want mrw afternoon town mall sumthin xx
ham,lol please actually send pic right wanna see pose comb hair dryer something
ham,tell drug dealer getting impatient
ham,sry talk phone parent
ham,u ned convince tht possible witot hurting feeling main
ham,guess want alone time could show watch
ham,gudnite tc practice going
ham,nah straight bring bud drink something actually little useful straight cash
ham,popping lt gt ibuprofen help
ham,come slave going shell unconsciously avoiding making unhappy
ham,u look da lib got stuff havent finish yet
ham,ya going restaurant
ham,prabha soryda realy frm heart sory
ham,many dependent
ham,hi probably much fun get message thought id txt u co im bored james farting night
ham,allo braved bus taken train triumphed mean b ham jolly good rest week
ham,thank calling forgot say happy onam sirji fine remembered met insurance person meet qatar insha allah rakhesh ex tata aig joined tissco tayseer
ham,tiime let hug break tear
ham,dis yijue jus saw ur mail case huiming havent sent u num dis num
ham,solihull want anything
ham,like think always possibility pub later
ham,problem
ham,sorry left phone upstairs ok might hectic would bird one fell swoop date
ham,gimme lt gt minute ago
ham,generally one uncountable noun u dictionary piece research
ham,gain right wife dont demand trying husband let see
ham,think da wil
ham,still grinder
ham,u wearing
ham,like talk pa able dont know
ham,either way work lt gt year old hope doesnt bother
ham,unbelievable faglord
ham,lt gt fast approaching wish u happy new year happy sankranti happy republic day happy valentine day happy shivratri happy ugadi happy fool day happy may day happy independence day happy friendship mother father teacher childrens day amp happy birthday u happy ganesh festival happy dasara happy diwali happy christmas lt gt good morning afternoon evening night rememberi first wishing u raj
ham,save stress person dorm account send account detail money sent
ham,evo download flash jealous
ham,want come online
ham,hiya hows going sunny africa hope u r avin good time give big old silver back big kiss
ham,mean confirmed tot juz say oni ok
ham,good afternoon boytoy feeling today better hope good boy obedient slave please queen
ham,wait know wesley town bet hella drug
ham,yup thk cine better co need go plaza mah
ham,today iz yellow rose day u love frndship give misscall amp send ur frndz amp see many miss call u get u get missed u marry ur lover
ham,ok din get ur msg
ham,love aathi love u lot
ham,got rumour going buy apartment chennai
ham,monday next week give full gist
ham,need go get
ham,yes think office lap room think thats last day didnt shut
ham,sorry flaked last night shit seriously goin roommate tonight
ham,u know watchin lido
ham,promise take good care princess run please send pic get chance ttyl
ham,good time nice something bit different weekend change see ya soon
ham,r u scratching
ham,helloooo wake sweet morning welcome enjoy day full joy gud mrng
ham,know thinkin malaria relax child cant handle malaria would worse gastroenteritis take enough replace loss temp reduce give malaria med vomit self limiting illness mean day completely stop
ham,tell who pls
ham,yeah sure leave min
ham,yo call get chance friend mine wanted ask big order
ham,good r u working
ham,dun cut short leh u dun like ah failed quite sad
ham,ok bag
ham,happy come noon
ham,u town alone
ham,hello drivby quit edrunk sorry iff pthis make senrd dnot dancce drum n basq ihave fun nhite x ro xxxxxxx
ham,okie wan meet bishan co bishan driving today
ham,talk atleast day otherwise miss best friend world shakespeare shesil lt gt
ham,wait still clear sure sarcastic x want live u
ham,olol printed forum post guy exact prob fixed gpu replacement hopefully dont ignore
ham,haha cant tmr forfeit haha
ham,great never better day give even reason thank god
ham,oh sorry please
ham,cheer card time year already
ham,university southern california
ham,press conference da
ham,good evening
ham,understand loss gain work school
ham,kay since already
ham,nope thats fine might nap tho
ham,pls need dat slowly vomit
ham,oi gonna ring
ham,cancer mom making big deal regular checkup aka pap smear
ham,k yan jiu liao sat go bugis vill one frm den hop parco nb sun go cine frm den hop orc mrt hip hop
ham,see see maybe reboot ym seen buzz
ham,found diff farm shop buy cheese way back call
ham,love girl office may wonder smiling sore
ham,studying free next weekend
ham,message responce happend
ham,ok let u noe leave house
ham,call like lt gt time oh give u hypertension oh
ham,probably gonna swing wee bit
ham,call lt gt min thats ok
ham,cool last little getting time soon
ham,pick bout ish time going
ham,u say leh course nothing happen lar say v romantic jus bit lor thk e nite scenery nice leh
ham,ok take ur time n enjoy ur dinner
ham,dice art class thru thanks though idea time come tomorrow
ham,ok problem yup going sch rem correctly
ham,diet ate many slice pizza yesterday ugh always diet
ham,pls dont forget study
ham,dai da send resume id
ham,funny fact nobody teach volcano erupt tsunami arise hurricane sway aroundn teach hw choose wife natural disaster happens
ham,make time tonight whenever cool text whenever around
ham,aathi dear
ham,lol boo hoping laugh
ham,plan yet
ham,anything lor go go lor
ham,lmao ok wont needing u hair anymore
ham,one best dialogue cute reltnship wen die dont come near body bcoz hand may come wipe ur tear time gud ni
ham,get second half message
ham,forgot take year shower sorry phone dead yet
ham,thank u
ham,night ended another day morning come special way may smile like sunny ray leaf worry blue blue bay gud mrng
ham,dunno jus say go lido time
ham,yes baby need stretch open pussy
ham,trying figure suppose see couple different people week said get together set date
ham,hi babe im home wanna something xx
ham,marrow wed lt gt aha
ham,thinking chennai forgot come auction
ham,ok enjoy r u home
ham,mmmmmmm snuggle deep contented sigh whisper fucking love much barely stand
ham,haha awesome might need take doin tonight
ham,oh unintentionally bad timing great finger train play along give fifteen min warning
ham,lol yeah point guess
ham,mostly like
ham,customer place call
ham,prof passed paper sem congrats student enna kalaachutaarama prof gud mrng
ham,hi mobile lt gt added contact list www fullonsms com great place send free sm people visit fullonsms com
ham,regret inform u nh made mistake u never actually born please report yor local hospital b terminated r sorry inconvenience
ham,nah perpetual dd
ham,mu like lt gt second
ham,co shopping wif darren jus n called ask wat present wan lor started guessing wif n finally guessed darren lor
ham,petey boy whereare friendsare thekingshead come canlove nic
ham,god picked flower dippeditinadew lovingly touched itwhichturnedinto u gifted tomeandsaid friend u
ham,err cud going pm got way contact
ham,tot group mate lucky havent reply wat time need leave
ham,hi mobile lt gt added contact list www fullonsms com great place send free sm people visit fullonsms com
ham,guy kadeem selling since break know one guy paranoid fuck like selling without til late tonight
ham,surprised still guess right lor
ham,boy sweet word left morning sigh go day love start studying
ham,wiskey brandy rum gin beer vodka scotch shampain wine kudi yarasu dhina vaazhthukkal
ham,frnd necesity life imagine urself witout frnd hw u feel ur colleg wat u wth ur cell wat abt function thnk abt event espe cared missed amp irritated u wrd dear loving frnds wthout u cant live jst takecare goodmorning
ham,anyways go gym whatever love smile hope ok good day babe miss much already
ham,soon real thing princess make wet
ham,see cup coffee animation
ham,house maid murderer coz man murdered lt gt th january public holiday govt instituitions closed including post office understand
ham,wait come lt gt min
ham,fighting world easy u either win lose bt fightng close u dificult u lose u lose u win u still lose
ham,carlos took leave minute
ham,go home liao ask dad pick
ham,first time dhoni rock
ham,haha first person gonna ask
ham,life style garment account please
ham,esplanade lor else
ham,ok theory test going book think may coz thought wanna go jiayin isnt free
ham,wait sch finish ard
ham,exhausted train morning much wine pie sleep well
ham,cant pick phone right pls send message
ham,r going lt gt bus
ham,raji pls favour pls convey birthday wish nimya pls today birthday
ham,hi hope good day better night
ham,rose need water season need change poet need imagination phone need ur sm need ur lovely frndship forever
ham,aldrine rakhesh ex rtm pls call urgent
ham,time month mid time
ham,ok
ham,please ask macho price range want something new used plus interfued blackberry bold lt gt bb
ham,sorry din lock keypad
ham,aight sound good want come
ham,coughing nothing
ham,huh got lesson lei n thinkin going sch earlier n tot parkin kent vale
ham,wot u u weirdo
ham,necessarily respectful
ham,problem spending lot quality time together
ham,go write msg put dictionary mode cover screen hand press lt gt gently remove ur hand interesting
ham,nothing ever easy looking reason take risk life love
ham,remains bro amongst bros
ham,go opening room til thanksgiving without upcharge
ham,want please inside outside bedroom
ham,pansy living jungle two year driving worried
ham,many company tell language
ham,nope forgot show next week
ham,sick needy want pout stomp foot pout stomp foot want slave want
ham,hmm ill think ok forgiven
ham,ok im sure time finish tomorrow wanna spend evening co would vewy vewy lubly love xxx
ham,yeah tote u wanna
ham,catch bus frying egg make tea eating mom left dinner feel love
ham,quite late lar ard anyway wun b drivin
ham,call time job today ok umma ask speed
ham,probably want pick
ham,also didnt get na hi hi hi hi hi
ham,dont know bring food
ham,come right ahmad
ham,bishan lei tot say lavender
ham,sorry took long omw
ham,hey come online use msn
ham,gosh pain spose better come
ham,love start attraction feel need every time around first thing come thought would start day end every time dream love every breath name life happen around life named would cry give happiness take sorrow ready fight anyone love craziest thing love proove anyone girl beautiful lady whole planet always singing praise love start making chicken curry end makiing sambar life beautiful get every morning thank god day would like say lot tell later
ham,tension ah machi problem
ham,surely result offer
ham,leave
ham,still grand prix
ham,change window logoff sound
ham,well little time thing good time ahead
ham,aiyar u poor thing give u support k jia think u
ham,pls send correct name da
ham,yup
ham,love aathi love u lot
ham,whats staff name taking class u
ham,sorry mate phone didnt write love kate
ham,want show world princess europe
ham,mind ask happened dont say uncomfortable
ham,finally match heading towards draw prediction
ham,came look flat seems ok away alot wiv work got woman coming
ham,eatin lor goin back work soon e mountain deer show huh watch b liao nice
ham,ugh leg hurt musta overdid mon
ham,reach home call
ham,going bath msg next lt gt min
ham,number vivek
ham,opinion jada kusruthi lovable silent spl character matured stylish simple pls reply
ham,cps causing outage conserve energy
ham,reverse cheating mathematics
ham,much cost approx per month
ham,hey go jazz power yoga hip hop kb yogasana
ham,oic co n si got lunch today dad went dunno whether eat sch wat
ham,tmrw im finishing door
ham,part checking iq
ham,dont file bag work called tell find anything room
ham,started skye
ham,gud ni dear slp well take care swt dream muah
ham,k leaving soon little
ham,aathi dear
ham,yep like pink furniture tho
ham,u missed u havent much bit bored holiday want go bak college sad isnt xx
ham,nothing spl wat abt u whr ru
ham,today sunday sunday holiday work
ham,leaving qatar tonite search opportunity went fast pls add ur prayer dear rakhesh
ham,think rule tamilnadu tough people
ham,hui xin da lib
ham,dude got haircut breezy
ham,yup
ham,received understood n acted upon
ham,ok thanx gd nite
ham,career tel added u contact indyarocks com send free sm remove phonebook sm lt gt
ham,love come took long leave zaher got word ym happy see sad left miss
ham,doc prescribed morphine cause pain med enough waiting mom bring med kick fast gonna try later
ham,hey booked kb sat already lesson going ah keep sat night free need meet confirm lodging
ham,im realy soz imat mum nite moro
ham,start sending blackberry torch nigeria find buyer like month tell dad buy bb anyone oh
ham,ur lecture
ham,wnt buy bmw car urgently vry urgent hv shortage lt gt lac source arng dis amt lt gt lac thats prob
ham,free day finish mon n thurs
ham,jus finish lunch way home lor tot u dun wan stay sch today
ham,time think need know near campus
ham,hi darlin im way london smashed another driver big dent im really missing u u xxx
ham,wanna gym
ham,anything lar going home dinner
ham,meeting call later
ham,okie thanx
ham,tomarrow final hearing laptop case cant
ham,thanx day u r goodmate think ur rite sary asusual u cheered love u franyxxxxx
ham,new car house parent new job hand
ham,boy late home father power frndship
ham,pls speak customer machan
ham,sorry im getting feel really bad totally rejected kinda thing
ham,honey sweetheart darling sexy bun sugar plum loverboy miss boytoy smack as go gym
ham,sure since parent working tuesday really need cover story
ham,mine like fr china noisy
ham,hope great day
ham,good need drug
ham,anything lor u decide
ham,stomach thru much trauma swear eat better lose weight
ham,bruv hope great break rewarding semester
ham,hi u want join sts later meeting five call u class
ham,hiya sorry hav signal seen heard neither unusual put case get sort hug snogs
ham,dont know ask brother nothing problem thing told
ham,serious like proper tongued
ham,said look pretty wif long hair wat thk cutting quite short leh
ham,aight text address
ham,could read love answered
ham,well general price lt gt oz let know much want
ham,way send shade stuff wonderful
ham,mon okie lor haha best cheap n gd food la ex oso okie depends whether wana eat western chinese food den u prefer
ham,today accept day u accept brother sister lover dear best clos lvblefrnd jstfrnd cutefrnd lifpartnr belovd swtheart bstfrnd rply mean enemy
ham,one teach ship car
ham,meant calculation lt gt unit lt gt school really expensive started practicing accent important decided year dental school nmde exam
ham,mmm yummy babe nice jolt suzy
ham,wonder world th th ur style th ur smile th ur personality rd ur nature nd ur sm st ur lovely friendship good morning dear
ham,work please call
ham,sday joined training started today
ham,ok problem get taxi c ing tomorrow tuesday tuesday think r going cinema
ham,hey company elama po mudyadhu
ham,part initiate understand
ham,tagged friend seemed count friend
ham,said u mind go bedroom minute ok sed sexy mood came minuts latr wid cake n wife
ham,go write msg put dictionary mode cover screen hand press lt gt gently remove ur hand interesting
ham,yeah gang ready
ham,haiyoh maybe hamster jealous million
ham,leave around four ok
ham,confirm eating esplanade
ham,u wan come dinner tonight
ham,lol know dramatic school already closed tomorrow apparently drive inch snow supposed get
ham,okie
ham,oh wow thats gay firmware update help
ham,let ur heart ur compass ur mind ur map ur soul ur guide u never loose world gnun sent via way sm com
ham,hi hun im comin nite tell every im sorry hope u ava goodtime oli rang melnite ifink mite b sorted il explain everythin mon l r x
ham,dint touch
ham,many time told stage use laugh listen aha
ham,alright see bit
ham,ummmmmaah many many happy return day dear sweet heart happy birthday dear
ham,photoshop make computer shut
ham,film ill call later
ham,argh g spotty anyway thing remember research province sterling problem free place looked
ham,yeah probably sure ilol let u know personally wuldnt bother ur goin mite well
ham,know lacking particular dramastorm detail part worried
ham,today song dedicated day song u dedicate send ur valuable frnds first rply
ham,babe lost try rebooting
ham,everything weather keep extra warm cold nothing serious pls lot vitamin c
ham,make girl happy difficult make girl happy u need friend companion lover chef lt gt good listener lt gt organizer lt gt good boyfriend lt gt clean lt gt sympathetic lt gt athletic lt gt warm lt gt courageous lt gt determined lt gt true lt gt dependable lt gt intelligent lt gt psychologist lt gt pest exterminator lt gt psychiatrist lt gt healer lt gt stylist lt gt driver aaniye pudunga venaam
ham,aiyah wait lor u entertain hee
ham,come room cannot come house co house still messy haha
ham,ok come n pick u engin
ham,got divorce lol
ham,u sleeping going take haha got spy wat online checking n replying mail lor
ham,friend u stay fb chat
ham,imagine life without see fast u searching worry l always disturb u goodnoon
ham,jesus armand really trying tell everybody find
ham,say like dat dun buy ericsson oso cannot oredi lar
ham,hm good morning headache anyone
ham,huh slow tot u reach long ago liao u day leh
ham,gr handle victoria island traffic plus album due
ham,otherwise part time job na tuition
ham,still attending da talk
ham,pick rayan macleran
ham,kallis wont play first two odi
ham,mm food da
ham,easy ah sen got selected mean good
ham,one
ham,v fan
ham,except there chick huge boob
ham,got fujitsu ibm hp toshiba got lot model say
ham,hello got st andrew boy long way cold keep posted
ham,yeah barely enough room two u x many fucking shoe sorry man see later
ham,bull plan go floating ikea without care world live mess another day
ham,bloo bloo bloo miss first bowl
ham,haha really oh deduct lesson tmr
ham,parent kidz friend n colleague screaming surprise waiting sofa naked
ham,let make saturday monday per convenience
ham,whenever see still hook
ham,aight wat happening side
ham,started searching get job day great potential talent
ham,oh god gonna google nearby cliff
ham,dont gimme lip caveboy
ham,sea lay rock rock envelope envelope paper paper word
ham,pls send company name saibaba colany
ham,happy valentine day know early hundred handsomes beauty wish thought finish aunty uncle st
ham,erm thought contract ran th october
ham,eatin lunch
ham,erm woodland avenue somewhere get parish magazine telephone number
ham,nt goin got somethin unless meetin dinner lor haha wonder go ti time
ham,ok
spam,private account statement show un redeemed point call identifier code expires
spam,thanks ringtone order reference number x mobile charged tone arrive please call customer service colour red text colour txtstar
spam,chance reality fantasy show call p per min ntt ltd po box croydon cr wb national rate call
spam,specially selected receive award call line close cost ppm c apply ag promo
spam,receiving week triple echo ringtone shortly enjoy
spam,bloomberg message center wait apply future http career bloomberg com
spam,double min double txt price linerental latest orange bluetooth mobile call mobileupd latest offer call optout lf
spam,msg mobile content order resent previous attempt failed due network error query customersqueries netvision uk com
spam,urgent ur awarded complimentary trip eurodisinc trav aco entry claim txt dis morefrmmob shracomorsglsuplt l aj
spam,freemsg hi baby wow got new cam moby wanna c hot pic fancy chat im w utxt rply chat hlp msg p rcv
spam,urgent mobile number awarded prize guaranteed call land line claim valid hr ppm
spam,mobile month u r entitled update latest colour mobile camera free call mobile update co free
spam,monthly password wap mobsi com use wap phone pc
spam,hi amy sending free phone number couple day give access adult party
spam,get official england poly ringtone colour flag yer mobile tonight game text tone flag optout txt eng stop box w wx
spam,kick new season wks free goal news ur mobile txt ur club name eg villa
spam,urgent mobile awarded bonus caller prize final try contact u call landline box wr c ppm
spam,thanks ringtone order ref number k mobile charged tone arrive please call customer service
spam,sorry u unsubscribe yet mob offer package min term week pls resubmit request expiry reply themob help info
spam,www applausestore com monthlysubscription p msg max month csc web age stop txt stop
spam,ur going bahamas callfreefone speak live operator claim either bahamas cruise cash opt txt x
spam,free entry wkly comp win fa cup final tkts st may text fa receive entry question std txt rate c apply
spam,contacted dating service someone know find call mobile landline pobox ldns
spam,free tarot text find love life try free text chance free msg
spam,lyricalladie f inviting friend reply yes see www sm ac u hmmross stop send stop frnd
spam,mobile customer may claim free camera phone upgrade pay go sim card loyalty call offer end thfeb c apply
spam,gr poly tone mob direct u rply poly title eg poly breathe title crazyin sleepingwith finest ymca getzed co uk pobox w wq p
spam,cash prize claim call c rstm sw s ppm
spam,thesmszone com let send free anonymous masked message im sending message see potential abuse
spam,loan purpose homeowner tenant welcome previously refused still help call free text back help
spam,hmv bonus special pound genuine hmv voucher answer easy question play send hmv info www percent real com
spam,orange customer may claim free camera phone upgrade loyalty call offer end thmarch c apply opt availa
spam,received mobile content enjoy
spam,urgent mobile awarded bonus caller prize nd attempt contact call box qu
spam,gr new service live sex video chat mob see sexiest dirtiest girl live ur phone detail text horny cancel send stop
spam,xclusive clubsaisai morow soiree speciale zouk nichols paris free rose lady info
spam,married local woman looking discreet action real match instantly phone text match msg cost p stop txt stop bcmsfwc n xx
spam,well done england get official poly ringtone colour flag yer mobile text tone flag opt txt eng stop box w wx
spam,bored housewife chat n date bt national rate p min landline
spam,ou guaranteed latest nokia phone gb ipod mp player prize txt word collect ibhltd ldnw h p mtmsgrcvd
spam,urgent mobile number awarded ukp prize guaranteed call landline claim valid hr ppm
spam,b floppy b snappy happy gay chat service photo upload call p min stop text call
spam,get free mobile video player free movie collect text go free extra film ordered c apply yr
spam,guess first time created web page www asjesus com read wrote waiting opinion want friend
spam,think ur smart win week weekly quiz text play c winnersclub po box uz gbp week
spam,new voicemail please call
spam,today voda number ending selected receive award match please call quoting claim code standard rate app
spam,camera awarded sipix digital camera call fromm landline delivery within day
spam,winner u specially selected receive cash holiday flight inc speak live operator claim
spam,guaranteed award even cashto claim ur award call free stop getstop php rg jx
spam,rgent nd attempt contact u u call b csbcm wc n xx callcost ppm mobilesvary max
spam,free tone hope enjoyed new content text stop unsubscribe help p provided tone co uk
spam,u outbid simonwatson shinco dvd plyr bid visit sm ac smsrewards end bid notification reply end
spam,congratulation week competition draw u prize claim call b c stop sm ppm
spam,valued vodafone customer computer picked win prize collect easy call
spam,want anytime network min text new video phone five pound per week call reply delivery tomorrow
spam,urgent mobile number awarded prize guaranteed call land line claim valid hr
spam,nd time tried contact u u pound prize claim easy call p per min bt national rate
spam,st wk free gr tone str u wk txt nokia classic nokia tone hit polys nokia p poly p
spam,know u u know send chat let find p msg rcvd hg suite land row w j hl ldn year
spam,congrats year special cinema pas call c suprman v matrix starwars etc free bx ip pm dont miss
spam,want cock hubby away need real man satisfy txt wife string action txt stop end txt rec ea otbox la w
spam,dear voucher holder claim week offer pc please go http www wtlp co uk text t c apply
spam,u secret admirer reveal think u r special call opt reply reveal stop per msg recd cust care
spam,hey boy want hot xxx pic sent direct ur phone txt porn hr free p per day stop text stopbcm sf wc n xx
spam,someone u know asked dating service contact cant guess call revealed po box wu
spam,got take take part wrc rally oz u lucozade energy text rally le p see pack lucozade co uk wrc itcould u
spam,double min txts orange price linerental motorola sonyericsson b tooth free nokia free call mobileupd optout hv
spam,next month get upto call ur standard network charge activate call c wire net st term pobox uz cost min mobcudb
spam,freemsg today day ready horny live town love sex fun game netcollex ltd p per msg reply stop end
spam,email alertfrom jeri stewartsize kbsubject low cost prescripiton drvgsto listen email call
spam,dont forget place many free request stchoice co uk wish information call
spam,congratulation ur awarded either cd gift voucher free entry weekly draw txt music tncs www ldew com win ppmx age
spam,dear xxxxxxx u invited xchat final attempt contact u txt chat p msgrcvdhg suite land row w j hl ldn yr
spam,urgent please call landline abta complimentary tenerife holiday cash await collection sae c box cw wx ppm
spam,urgent mobile awarded bonus caller prize nd attempt contact call box qu
spam,pls stop bootydelious f inviting friend reply yes see www sm ac u bootydelious stop send stop frnd
spam,today offer claim ur worth discount voucher text yes savamob member offer mobile c sub unsub reply x
spam,free message activate free text message replying message word free term condition visit www com
spam,nd time tried contact u u pound prize claim easy call p per minute bt national rate
spam,congratulation week competition draw u prize claim call b c stop sm ppm
spam,want funk ur fone weekly new tone reply tone u text www ringtones co uk original n best tone gbp network operator rate apply
spam,u secret admirer looking make contact u find r reveal think ur special call
spam,contacted dating service someone know find call land line pobox w tg p
spam,win year supply cd store ur choice worth enter weekly draw txt music t c www ldew com sub win ppmx
spam,hungry gay guy feeling hungry call p min stop text call p min
spam,nokia get win free auction take part send nokia hg suite land row w jhl
spam,hard live chat p min choose girl connect live call cheap chat uk biggest live service vu bcm wc n xx
spam,ur cash balance currently pound maximize ur cash send go p meg cc hg suite land row w j hl
spam,great news call freefone claim guaranteed cash gift speak live operator
spam,one registered subscriber u enter draw g b gift voucher replying enter unsubscribe text stop
spam,accordingly repeat text word ok mobile phone send
spam,bored speed dating try speedchat txt speedchat like em txt swap get new chatter chat pobox w wq p msg rcd
spam,new textbuddy chat horny guy ur area p free receive search postcode gaytextbuddy com txt one name
spam,dear voucher holder claim week offer pc please go http www e tlp co uk reward t c apply
spam,summer finally fancy chat flirt sexy single yr area get matched reply summer free join optout txt stop help
spam,urgent trying contact u today draw show prize guaranteed call land line claim valid hr
spam,new textbuddy chat horny guy ur area p free receive search postcode gaytextbuddy com txt one name rpl stop cnl
spam,free entry weekly comp chance win ipod txt pod get entry std txt rate c apply detail
spam,claire havin borin time alone u wanna cum nite chat hope c u luv claire xx call minmoremobsemspobox po wa
spam,text pas collect polyphonic ringtones normal gprs charge apply enjoy tone
spam,text banneduk see cost p textoperator g ga xxx
spam,nd time tried contact u u prize claim easy call p per minute bt national rate
spam,costa del sol holiday await collection call toclaim sae tc pobox stockport sk xh cost pm max min
spam,mobile mths update latest orange camera video phone free save free text weekend call text yes callback orno opt
spam,interflora late order interflora flower christmas call place order midnight tomorrow
spam,sunshine quiz wkly q win top sony dvd player u know country liverpool played mid week txt ansr sp tyrone
spam,lastest stereophonics marley dizzee racal libertine stroke win nookii game flirt click themob wap bookmark text wap
spam,customer service announcement recently tried make delivery unable please call schedule ref
spam,dear dave final notice collect tenerife holiday cash award call landline tc sae box cw wx ppm
spam,free st week nokia tone ur mob every week txt nokia get txting tell ur mate www getzed co uk pobox w wq norm p tone
spam,congratulation thanks good friend u xmas prize claim easy call p per minute bt national rate
spam,dorothy kiefer com bank granite issue strong buy explosive pick member nasdaq symbol cdgt per
spam,fantasy football back tv go sky gamestar sky active play k dream team scoring start saturday register sky opt
spam,guaranteed award even cashto claim ur award call free stop getstop php
spam,goal arsenal henry v liverpool henry score simple shot yard pas bergkamp give arsenal goal margin min
spam,xmas reward waiting computer randomly picked loyal mobile customer receive reward call
spam,please call immediately urgent message waiting
spam,reply win weekly professional sport tiger wood play send stop end service
spam,freemsg hey buffy love satisfy men home alone feeling randy reply c pix qlynnbv help p msg send stop stop txts
spam,buy space invader chance win orig arcade game console press game arcade std wap charge see co uk game term setting purchase
spam,urgent call landline complimentary ibiza holiday cash await collection sae c po box sk wp ppm
spam,someone u know asked dating service contact cant guess call revealed po box wu
spam,call use ur min call cast p min mob vary service provided aom gbp month aom box er u stop age
spam,free st week entry textpod chance win gb ipod cash every wk txt pod t c www textpod net custcare
spam,sppok ur mob halloween collection nokia logo pic message plus free eerie tone txt card spook
spam,sm ac jsco energy high u may know channel day ur leadership skill r strong psychic reply an w question end reply end jsco
spam,final chance claim ur worth discount voucher today text yes savamob member offer mobile c savamob pobox uz sub
spam,upgrdcentre orange customer may claim free camera phone upgrade loyalty call offer end th july c apply opt available
spam,congratulation ur awarded cd voucher gift guaranteed free entry wkly draw txt music
spam,want new nokia colour phone deliveredtomorrow free minute mobile free text free camcorder reply call
spam,hi ya babe x u goten bout scammer getting smart though regular vodafone respond get prem rate msg subscription no used also beware
spam,flirting txt girl bloke ur name age eg girl zoe join get chatting
spam,tried contact reply offer video handset anytime network min unlimited text camcorder reply call
spam,guaranteed award maybe even cash claim ur award call free legitimat efreefone number wat u think
spam,urgent mobile number awarded bonus caller prize call land line valid hr
spam,txt call claim reward hour talk time use phone subscribe gbp mnth inc hr stop txtstop www gamb tv
spam,well done england get official poly ringtone colour flag yer mobile text tone flag opt txt eng stop box w wx
spam,welcome please reply age gender begin e g
spam,free msg single find partner area real people waiting chat send chat cncl send stopcs per msg
spam,sunshine hols claim ur med holiday send stamped self address envelope drink u uk po box bray wicklow eire quiz start saturday unsub stop
spam,december mobile mths entitled update latest colour camera mobile free call mobile update vco free
spam,ever thought living good life perfect partner txt back name age join mobile community p sm
spam,want explicit sex sec ring cost p min
spam,today voda number ending selected receive reward match please call quoting claim code standard rate apply
spam,reminder get pound free call credit detail great offer pls reply text valid name house postcode
spam,hot live fantasy call p per min ntt ltd po box croydon cr wb k
spam,tell u call claim prize u enter ur mobile personal detail prompt careful
spam,send logo ur lover name joined heart txt love name name mobno eg love adam eve yahoo pobox w wq txtno ad p
